,id,filename,vector,label
0,0,../../images/data/1865/189.jpg,[-1.0626799  2.087451   1.6217635  1.8954023],0
1,1,../../images/data/1865/77.jpg,[-0.57039654 -0.7779945   1.030062    1.1432323 ],0
2,2,../../images/data/1865/162.jpg,[-0.7268599  -0.3480879   0.45898718  0.52949923],0
3,3,../../images/data/1865/88.jpg,[-0.14791356 -0.59831345  0.87191755  0.08353036],0
4,4,../../images/data/1865/348.jpg,[-0.939885   -0.503574    0.7784093   0.09461277],0
5,5,../../images/data/1865/360.jpg,[-0.2093914 -1.007305   1.0176146  1.0917352],0
6,6,../../images/data/1865/228.jpg,[-0.7742108   0.02893103  0.1655107   0.32500356],0
7,7,../../images/data/1865/214.jpg,[-0.36275348 -0.49288595  0.4399042   0.8773903 ],0
8,8,../../images/data/1865/200.jpg,[-1.4739022  -0.19077383  1.121227    0.24193327],0
9,9,../../images/data/1865/215.jpg,[-1.29159    -0.02749144  1.9130583   0.8361673 ],0
10,10,../../images/data/1865/229.jpg,[-0.7415137  2.4794698  2.2498226  1.1290029],0
11,11,../../images/data/1865/375.jpg,[-1.3117883  -0.93351924  0.8482253   0.27703696],0
12,12,../../images/data/1865/349.jpg,[-0.05226348 -0.48814476  1.119796    0.4700021 ],0
13,13,../../images/data/1865/177.jpg,[-0.22616486 -1.372918    0.23838471  2.3927546 ],0
14,14,../../images/data/1865/89.jpg,[-1.8938352 -1.1097205  1.5659404  1.4260588],0
15,15,../../images/data/1865/188.jpg,[-0.7275193 -0.7313167  0.7981959  0.8642611],0
16,16,../../images/data/1865/76.jpg,[-0.22621904 -0.28372312  0.7052558   0.6435122 ],0
17,17,../../images/data/1865/62.jpg,[0.15332626 0.32923496 0.8798267  0.31094366],0
18,18,../../images/data/1865/60.jpg,[-0.9150581  -0.9607767   0.6858403   0.17015307],0
19,19,../../images/data/1865/48.jpg,[-1.0041854   0.3825928   0.8430092   0.62299794],0
20,20,../../images/data/1865/149.jpg,[-2.7170067   0.80234015  2.0845423   1.2757882 ],0
21,21,../../images/data/1865/161.jpg,[-1.1199113 -1.3152369 -0.5754053 -0.4760918],0
22,22,../../images/data/1865/388.jpg,[-0.31443408 -0.20525955  0.763841    0.23829828],0
23,23,../../images/data/1865/377.jpg,[-0.23681127 -0.42404187  0.8664399   1.098204  ],0
24,24,../../images/data/1865/203.jpg,[-0.47288057 -0.38230097  1.4121569  -0.07495839],0
25,25,../../images/data/1865/217.jpg,[-0.28327784 -0.52626693  0.83171254  0.82355636],0
26,26,../../images/data/1865/216.jpg,[-0.4855183   1.0312254  -0.11630208 -0.7796488 ],0
27,27,../../images/data/1865/362.jpg,[-0.32254025 -0.82864654  0.80265325  0.8928394 ],0
28,28,../../images/data/1865/376.jpg,[-0.87806785 -0.46794403  0.82077485 -0.12200315],0
29,29,../../images/data/1865/389.jpg,[-0.692551    0.05793179  1.3865483   0.50901407],0
30,30,../../images/data/1865/174.jpg,[-0.5965687  -0.27818382  1.0513752   0.10022109],0
31,31,../../images/data/1865/148.jpg,[-0.29804692 -0.01396846  0.5361026   0.3103227 ],0
32,32,../../images/data/1865/49.jpg,[-0.5844494 -0.3747778  1.3000988  0.7004735],0
33,33,../../images/data/1865/75.jpg,[-0.97122407 -0.6216742   0.8344415   0.9140493 ],0
34,34,../../images/data/1865/59.jpg,[ 0.18403156 -0.04923807  1.1376408   0.06393545],0
35,35,../../images/data/1865/71.jpg,[-0.5153228  -0.37957728  2.3036819   0.27293962],0
36,36,../../images/data/1865/170.jpg,[ 1.1451601  -2.1272311   0.9385919  -0.47429663],0
37,37,../../images/data/1865/164.jpg,[-0.93779457 -0.7129992   1.5463033   0.48020595],0
38,38,../../images/data/1865/158.jpg,[ 0.30185357 -0.46910983  1.4389906  -0.17596681],0
39,39,../../images/data/1865/372.jpg,[-0.886807   -0.49887836  0.5839116   0.31036037],0
40,40,../../images/data/1865/366.jpg,[-1.1581559   0.67113316  0.39101475 -0.85712224],0
41,41,../../images/data/1865/206.jpg,[ 0.05905904 -0.7332984   1.2783461   0.7320289 ],0
42,42,../../images/data/1865/213.jpg,[-0.3838287  -0.7654878   1.225507    0.88770896],0
43,43,../../images/data/1865/207.jpg,[-0.09109293  0.06626285  0.7767078   0.40576214],0
44,44,../../images/data/1865/367.jpg,[-1.0272361  -0.58895385  1.3168087   0.4081244 ],0
45,45,../../images/data/1865/398.jpg,[-1.1441959  0.3980335  1.1477921  0.6243529],0
46,46,../../images/data/1865/159.jpg,[-1.4709744  -1.1709522   1.1121912   0.03731626],0
47,47,../../images/data/1865/165.jpg,[-0.6179837 -1.1964804  1.2328904  0.7629394],0
48,48,../../images/data/1865/64.jpg,[ 0.32401013 -0.6261475   1.2250994   0.3090058 ],0
49,49,../../images/data/1865/70.jpg,[ 0.41356733 -0.91040456  1.2616098   0.19108288],0
50,50,../../images/data/1865/58.jpg,[ 0.15664978 -0.25632167  0.83461356 -0.21139283],0
51,51,../../images/data/1865/198.jpg,[-0.7201544  -0.4783858   1.3113704   0.49314493],0
52,52,../../images/data/1865/66.jpg,[-0.44440147 -1.2682886   0.6574381   0.6203775 ],0
53,53,../../images/data/1865/72.jpg,[-1.2287081  -0.26512778  1.1443622   0.6241264 ],0
54,54,../../images/data/1865/99.jpg,[-0.51672494  0.14830841  0.21560363  0.36930698],0
55,55,../../images/data/1865/173.jpg,[-0.38691732 -1.0386902   0.5787725   0.03414577],0
56,56,../../images/data/1865/365.jpg,[-0.34061798 -0.33954656  0.83534855  0.5281293 ],0
57,57,../../images/data/1865/359.jpg,[-1.7376845  1.2234534  1.1742883  3.3088756],0
58,58,../../images/data/1865/211.jpg,[-0.83885217 -0.58365554  0.70680803  0.12086964],0
59,59,../../images/data/1865/205.jpg,[-0.56004024 -0.27107012  1.6192217   0.5413706 ],0
60,60,../../images/data/1865/238.jpg,[-0.8803836  -0.6564176  -0.32844847 -0.68295914],0
61,61,../../images/data/1865/204.jpg,[-0.9170089  -0.16776763 -0.81485504  0.02850287],0
62,62,../../images/data/1865/210.jpg,[1.3344601 0.7738899 1.5819765 0.9402775],0
63,63,../../images/data/1865/370.jpg,[-0.5078608  -0.61016524  0.4053765   0.53270453],0
64,64,../../images/data/1865/364.jpg,[-0.10381441 -0.04453479  0.5803564   0.3618936 ],0
65,65,../../images/data/1865/172.jpg,[-1.8338675  -1.1952246   0.85805756 -0.32707244],0
66,66,../../images/data/1865/98.jpg,[-1.0415957  -0.59668875  1.1956153   3.0654354 ],0
67,67,../../images/data/1865/73.jpg,[-0.3481395 -1.8468312  1.2596247  0.2471215],0
68,68,../../images/data/1865/199.jpg,[-0.661643   -0.22035848  0.9719582   0.09541553],0
69,69,../../images/data/1865/9.jpg,[-0.31820604 -0.0469433   0.41068107  0.493272  ],0
70,70,../../images/data/1865/14.jpg,[-0.40625057 -0.46351922  1.4339669   0.5230333 ],0
71,71,../../images/data/1865/28.jpg,[ 0.01952113  1.6545547  -1.0344751  -0.5567909 ],0
72,72,../../images/data/1865/101.jpg,[-0.6269468  -0.399413    0.43970615  0.5968122 ],0
73,73,../../images/data/1865/115.jpg,[-0.31295046 -0.11539613  1.39872     0.5338332 ],0
74,74,../../images/data/1865/303.jpg,[-1.2277426  -0.99775875  0.71425873 -0.12074644],0
75,75,../../images/data/1865/288.jpg,[-1.5437026  -0.4670595   1.2098758   0.17333214],0
76,76,../../images/data/1865/277.jpg,[-1.4281169  -0.48697126  1.1050947   0.5925097 ],0
77,77,../../images/data/1865/263.jpg,[-0.74041384 -0.3852154   1.4950073   0.3509869 ],0
78,78,../../images/data/1865/276.jpg,[-0.27601132 -0.5514755   0.573263    1.1195093 ],0
79,79,../../images/data/1865/289.jpg,[ 1.0078306 -0.919304  -0.4852404  0.7923407],0
80,80,../../images/data/1865/316.jpg,[ 0.8908709   0.52577174  3.5693254  -1.1505848 ],0
81,81,../../images/data/1865/114.jpg,[ 0.05212785 -0.78720534  0.78743917  0.6123275 ],0
82,82,../../images/data/1865/100.jpg,[-0.6972585  -0.53635776  1.2064103   0.34052616],0
83,83,../../images/data/1865/128.jpg,[-1.0053774  -0.29577744  0.9909554   0.17480414],0
84,84,../../images/data/1865/15.jpg,[-0.20984207 -0.04849755  1.1334982   1.1128792 ],0
85,85,../../images/data/1865/17.jpg,[-1.2691132   0.4476031   3.1765954  -0.58665186],0
86,86,../../images/data/1865/116.jpg,[-0.4537221  -0.44120753  1.3588606   0.14346437],0
87,87,../../images/data/1865/328.jpg,[-2.4149022  -0.26680195  2.6415448   1.9787747 ],0
88,88,../../images/data/1865/314.jpg,[-0.7418673  -0.8420912   0.87145954  0.7566585 ],0
89,89,../../images/data/1865/300.jpg,[-0.99279    -0.45825732  1.091346    0.53381675],0
90,90,../../images/data/1865/260.jpg,[0.28569064 0.15707053 1.5288903  0.76951474],0
91,91,../../images/data/1865/274.jpg,[-0.53235745 -0.22077022  1.502075    0.03846955],0
92,92,../../images/data/1865/275.jpg,[-1.224092  -1.221764   0.7730778  1.1799911],0
93,93,../../images/data/1865/249.jpg,[-0.6190962  -0.59923065  1.1609862   0.5707759 ],0
94,94,../../images/data/1865/301.jpg,[-0.848843  -1.1298817  1.2616905  0.6781313],0
95,95,../../images/data/1865/315.jpg,[-0.85342956 -0.68235266  0.32325083  0.68468946],0
96,96,../../images/data/1865/103.jpg,[ 0.14233543 -1.6714386   0.5775412   0.9248497 ],0
97,97,../../images/data/1865/117.jpg,[-0.1533954  -0.8775276   1.131289    0.33778948],0
98,98,../../images/data/1865/16.jpg,[-0.5218924  -0.17555915  0.8991454   0.96884245],0
99,99,../../images/data/1865/113.jpg,[-1.9620527 -1.9405311  1.804096   2.4707286],0
100,100,../../images/data/1865/107.jpg,[-1.477039   -2.6143303   1.5131801   0.46828026],0
101,101,../../images/data/1865/311.jpg,[-1.5828007   0.32954013  2.823962    1.8908466 ],0
102,102,../../images/data/1865/339.jpg,[0.03592189 0.27152538 1.3074086  0.65566176],0
103,103,../../images/data/1865/265.jpg,[-0.34076473  0.9658896   0.3075469   2.52674   ],0
104,104,../../images/data/1865/271.jpg,[-0.43069872 -0.8531562   0.95014983  0.82938856],0
105,105,../../images/data/1865/258.jpg,[-1.0761837   1.7047297   0.15262751 -0.24977429],0
106,106,../../images/data/1865/270.jpg,[-0.5040735  -0.4376458   1.1722288  -0.14762338],0
107,107,../../images/data/1865/264.jpg,[-0.5516043  -0.3634776   0.7527819   0.48136705],0
108,108,../../images/data/1865/304.jpg,[-0.60271776 -0.87525     0.6361552   0.19193451],0
109,109,../../images/data/1865/310.jpg,[-0.99153256 -0.72974217  1.453707    1.0576094 ],0
110,110,../../images/data/1865/106.jpg,[-0.7207004  -0.351992    1.81932     0.37192434],0
111,111,../../images/data/1865/13.jpg,[-0.7438878 -1.0941502  1.2649498  0.4013824],0
112,112,../../images/data/1865/39.jpg,[-0.91944206 -1.150016    1.3242769   1.3608726 ],0
113,113,../../images/data/1865/11.jpg,[ 0.05968679 -0.0512812   1.3877406   1.1396286 ],0
114,114,../../images/data/1865/110.jpg,[-1.1087307  -0.16818629  0.9793611   0.08388799],0
115,115,../../images/data/1865/138.jpg,[-0.3997093  -0.92390215  0.58385617  0.7676334 ],0
116,116,../../images/data/1865/306.jpg,[-0.83252573 -0.45305502  1.1349466   0.9174914 ],0
117,117,../../images/data/1865/299.jpg,[-0.99279    -0.45825732  1.091346    0.53381675],0
118,118,../../images/data/1865/272.jpg,[0.24141814 2.5816054  1.0250714  2.1152902 ],0
119,119,../../images/data/1865/266.jpg,[-0.6380627  -0.13952075  0.43054563  0.43905014],0
120,120,../../images/data/1865/273.jpg,[-0.71703637 -0.4928577   0.36264735  0.8963919 ],0
121,121,../../images/data/1865/298.jpg,[-0.43572333 -0.8190391   0.517049    0.42698473],0
122,122,../../images/data/1865/313.jpg,[-0.48959836  0.04782952  0.9265674   0.33883327],0
123,123,../../images/data/1865/139.jpg,[-0.7664522 -0.5569123  1.884129   0.5605678],0
124,124,../../images/data/1865/111.jpg,[ 0.15435995 -0.9328991   0.7530474   0.81830305],0
125,125,../../images/data/1865/105.jpg,[-1.0360167 -3.4463062  4.192679   1.8003558],0
126,126,../../images/data/1865/38.jpg,[-0.991753   -0.75510156  0.36289614  0.8601493 ],0
127,127,../../images/data/1865/21.jpg,[ 0.06098475 -1.5447853   1.3713235   0.4828953 ],0
128,128,../../images/data/1865/35.jpg,[-0.20580272 -0.8193115   0.23876385  0.3223936 ],0
129,129,../../images/data/1865/120.jpg,[ 1.1875968 -1.8475951 -0.4890645  1.4743847],0
130,130,../../images/data/1865/134.jpg,[-0.42429814 -0.09799062 -1.6918144   3.788744  ],0
131,131,../../images/data/1865/322.jpg,[-1.0291132  -0.26137626  1.2610611   0.93511575],0
132,132,../../images/data/1865/295.jpg,[ 0.171623  -1.1723706  0.9169603  0.9128048],0
133,133,../../images/data/1865/281.jpg,[-0.3536845  -0.9977366   1.1241813   0.26876634],0
134,134,../../images/data/1865/256.jpg,[-0.7754941  -0.22204505  0.66632754  0.9832544 ],0
135,135,../../images/data/1865/243.jpg,[-0.13955985 -0.38152516  0.98085743  0.58357877],0
136,136,../../images/data/1865/257.jpg,[-0.93842053 -0.92257106  0.8082232   0.61815256],0
137,137,../../images/data/1865/280.jpg,[-0.3963829  -0.29275286  1.1021421   0.242783  ],0
138,138,../../images/data/1865/337.jpg,[-0.12852179 -0.6137401   0.88314134  0.39549607],0
139,139,../../images/data/1865/323.jpg,[ 1.9369377  1.0573295 -1.5245907 -2.1446843],0
140,140,../../images/data/1865/135.jpg,[-0.06094359 -1.2388192   1.0963603   0.05663507],0
141,141,../../images/data/1865/109.jpg,[-0.36184785 -0.56188405  1.0346358   0.37170786],0
142,142,../../images/data/1865/34.jpg,[-0.5118512   0.12682642  0.28780347  2.3776937 ],0
143,143,../../images/data/1865/20.jpg,[ 0.12380089 -0.63672316  1.5979223  -0.19815679],0
144,144,../../images/data/1865/22.jpg,[ 1.2525595  -0.60345685 -0.78777355 -1.0418974 ],0
145,145,../../images/data/1865/137.jpg,[-1.2788312  -0.45257556  0.7142537  -0.03694541],0
146,146,../../images/data/1865/123.jpg,[-0.899353   -0.22123538  1.1265955   0.44944614],0
147,147,../../images/data/1865/335.jpg,[-2.1098983  -1.0414234   0.33733147  1.2525328 ],0
148,148,../../images/data/1865/321.jpg,[-0.1107664  -0.78354466  1.3822515  -0.29731566],0
149,149,../../images/data/1865/282.jpg,[-0.17859446 -0.62335     1.2835071   0.31551403],0
150,150,../../images/data/1865/269.jpg,[ 0.04586233 -0.11134302  0.8656483  -0.40714175],0
151,151,../../images/data/1865/241.jpg,[ 0.45299044 -0.88019216  1.2360113   0.93031067],0
152,152,../../images/data/1865/255.jpg,[-1.007816   -0.95236313  0.5718141   0.56591123],0
153,153,../../images/data/1865/240.jpg,[-0.9202869   0.00329794  0.8681472   0.327105  ],0
154,154,../../images/data/1865/268.jpg,[-1.1260147  -1.6560553   0.28776056  0.41418785],0
155,155,../../images/data/1865/297.jpg,[ 0.07025798 -0.9764867   1.3280301   0.8890627 ],0
156,156,../../images/data/1865/320.jpg,[-0.75382507 -0.36325133  1.4258249   0.98981947],0
157,157,../../images/data/1865/334.jpg,[-0.10313068 -1.2598046   1.073595    0.23159783],0
158,158,../../images/data/1865/308.jpg,[-0.8879665  -0.6034864   1.002794    0.38056946],0
159,159,../../images/data/1865/136.jpg,[-1.4850473  -1.0386144   0.8972903   0.21164553],0
160,160,../../images/data/1865/23.jpg,[ 0.0727004  -0.7603588   1.1668274   0.78235644],0
161,161,../../images/data/1865/37.jpg,[-0.65292823 -0.96275437  0.6848739  -0.08023746],0
162,162,../../images/data/1865/27.jpg,[-1.1638287  -1.0824733   1.3340077   0.18322556],0
163,163,../../images/data/1865/132.jpg,[ 0.33212462 -0.61370194 -0.5533208  -1.2477013 ],0
164,164,../../images/data/1865/126.jpg,[-0.95041335 -1.4881896   0.9830795   0.26738197],0
165,165,../../images/data/1865/324.jpg,[-0.45990637 -0.21870957  0.36330372  0.49065202],0
166,166,../../images/data/1865/318.jpg,[-0.12019561 -0.38123906  1.1111798   1.1200498 ],0
167,167,../../images/data/1865/287.jpg,[-1.0551296  2.311521   2.1410558  1.2193125],0
168,168,../../images/data/1865/244.jpg,[ 1.1579661   1.8356382  -0.25820464 -0.01599319],0
169,169,../../images/data/1865/250.jpg,[-0.30206951 -0.26098216  0.4578362   0.22941248],0
170,170,../../images/data/1865/278.jpg,[-1.6614723   0.36468995  5.9917655   4.124608  ],0
171,171,../../images/data/1865/251.jpg,[-0.18888687 -0.36834753  0.5504578   0.5869903 ],0
172,172,../../images/data/1865/245.jpg,[0.18405081 0.1337656  1.2364211  0.9138927 ],0
173,173,../../images/data/1865/292.jpg,[-1.1196954  -0.75520957  1.0570714   0.58795327],0
174,174,../../images/data/1865/319.jpg,[-1.2613729  1.178227   1.3201067  0.2730922],0
175,175,../../images/data/1865/325.jpg,[-0.93337834 -0.01596009  1.1580906   0.80747265],0
176,176,../../images/data/1865/331.jpg,[-0.75231063 -0.81019413  1.1850125   0.9350547 ],0
177,177,../../images/data/1865/133.jpg,[-0.2758926  -1.9584469   1.6200987   0.11219018],0
178,178,../../images/data/1865/26.jpg,[ 0.1313652 -2.0908227  1.0271955  0.2472829],0
179,179,../../images/data/1865/32.jpg,[-0.67398465 -0.6993388   1.290499    0.26610702],0
180,180,../../images/data/1865/24.jpg,[-0.425292  -1.1357614  0.5702434  0.5355739],0
181,181,../../images/data/1865/30.jpg,[-1.1136096  -1.4669915   0.67856437  0.21123211],0
182,182,../../images/data/1865/125.jpg,[-0.8926966 -0.6886121  1.4134457  1.1381124],0
183,183,../../images/data/1865/119.jpg,[-0.5298362   0.02442254  1.0326741   0.2843241 ],0
184,184,../../images/data/1865/327.jpg,[ 0.09362443 -0.57930005  0.4838962   0.41077155],0
185,185,../../images/data/1865/333.jpg,[-1.5244247  -1.732625    0.70290047 -0.14117582],0
186,186,../../images/data/1865/284.jpg,[-0.39188525 -0.59172475  1.3769157   1.1073459 ],0
187,187,../../images/data/1865/253.jpg,[-0.5249163  -0.41337073  1.3899632   0.7931296 ],0
188,188,../../images/data/1865/247.jpg,[-0.60706747  0.27128637  1.0910923  -0.0018583 ],0
189,189,../../images/data/1865/252.jpg,[-0.9860916 -0.1886016  0.6869262  0.838057 ],0
190,190,../../images/data/1865/285.jpg,[-0.36714557 -0.6394268   1.2399328   0.8886413 ],0
191,191,../../images/data/1865/291.jpg,[-0.9306829   0.17996801  0.75390023  0.91894144],0
192,192,../../images/data/1865/326.jpg,[-0.55738187 -0.00805866  1.4600053   0.54755825],0
193,193,../../images/data/1865/118.jpg,[ 2.5623918   0.4916917  -2.576554   -0.23671825],0
194,194,../../images/data/1865/130.jpg,[-1.2023308   0.33636224  0.71330005  0.78738683],0
195,195,../../images/data/1865/31.jpg,[-0.13754784 -0.7471863  -0.07937879 -0.2285343 ],0
196,196,../../images/data/1865/25.jpg,[-0.9098836  -0.69252217  2.0956197   0.7935838 ],0
197,197,../../images/data/1865/19.jpg,[-0.93152964 -0.03081905  1.5739527   0.27056354],0
198,198,../../images/data/1865/4.jpg,[-1.2352804  -1.2942029   0.22772674 -0.78172594],0
199,199,../../images/data/1865/56.jpg,[ 1.6523372  2.7812974 -2.6087575  1.6694506],0
200,200,../../images/data/1865/180.jpg,[-0.51566386 -0.76194847  1.718472    0.75016737],0
201,201,../../images/data/1865/81.jpg,[-0.01032315 -0.20239912  0.86447054  0.81498045],0
202,202,../../images/data/1865/95.jpg,[-0.8132721  -0.20050536  0.24622898  0.03911155],0
203,203,../../images/data/1865/143.jpg,[-0.5933161  -0.72026145  1.1258619   0.6041691 ],0
204,204,../../images/data/1865/382.jpg,[-0.5992779   0.16906942  0.85303277  0.6365574 ],0
205,205,../../images/data/1865/396.jpg,[-0.99742055 -0.03045474  0.39452893  0.86647075],0
206,206,../../images/data/1865/369.jpg,[-0.2602075  -1.0184146   2.050469    0.00305598],0
207,207,../../images/data/1865/355.jpg,[-0.869519   -1.0957597   0.641975    0.24711744],0
208,208,../../images/data/1865/209.jpg,[-1.1801769  2.0565681 -1.5066903 -0.9852293],0
209,209,../../images/data/1865/235.jpg,[-0.6021223 -0.5953156  2.616634   0.6860606],0
210,210,../../images/data/1865/220.jpg,[2.3920317 0.3648287 1.8612638 3.180368 ],0
211,211,../../images/data/1865/234.jpg,[-0.4620771  -0.8394228   0.99638486  0.32138008],0
212,212,../../images/data/1865/208.jpg,[ 0.313606   -0.45201862  0.83273894  0.27188295],0
213,213,../../images/data/1865/340.jpg,[-0.29180637 -0.45148993  1.6913086  -0.26529306],0
214,214,../../images/data/1865/368.jpg,[-0.82025826  0.5668262  -1.2455087  -0.5846041 ],0
215,215,../../images/data/1865/397.jpg,[ 0.26849303 -0.2299565   1.1355081   0.6153516 ],0
216,216,../../images/data/1865/156.jpg,[ 0.4670336  -1.335602    1.1776569   0.20002882],0
217,217,../../images/data/1865/142.jpg,[-0.5638156  -1.4284362  -0.12438411 -0.26541167],0
218,218,../../images/data/1865/94.jpg,[-2.9314363  0.5558301 -2.1799984  2.9500625],0
219,219,../../images/data/1865/195.jpg,[ 0.03273238 -0.86327803  0.7996293  -0.371687  ],0
220,220,../../images/data/1865/181.jpg,[-0.14532174  0.52855027  0.45968503 -0.02100838],0
221,221,../../images/data/1865/5.jpg,[-2.352026    1.4697975  -0.04318852 -0.9823442 ],0
222,222,../../images/data/1865/43.jpg,[-0.06705235 -0.7121984   0.78978664  0.04017346],0
223,223,../../images/data/1865/55.jpg,[-0.42936504 -0.02139889  1.2764817   0.36715943],0
224,224,../../images/data/1865/7.jpg,[ 0.53125334  1.0999302   0.5316847  -0.637579  ],0
225,225,../../images/data/1865/69.jpg,[ 1.6106323 -2.6052814  0.419874  -2.0275235],0
226,226,../../images/data/1865/197.jpg,[-2.5861692  1.8213071  1.8648887  2.0061405],0
227,227,../../images/data/1865/183.jpg,[-0.22300373  0.36335456  1.1094638   0.7996735 ],0
228,228,../../images/data/1865/168.jpg,[-0.18734501 -0.78801644  0.89806193  0.5204348 ],0
229,229,../../images/data/1865/82.jpg,[-0.54273593 -0.49474514  0.75026864  0.49924225],0
230,230,../../images/data/1865/154.jpg,[1.0553124 1.7121428 2.811642  2.2153807],0
231,231,../../images/data/1865/395.jpg,[-0.4938738  -0.07559382  0.6085556   0.18936102],0
232,232,../../images/data/1865/381.jpg,[-0.6867671 -0.455778   1.2631471  0.5919146],0
233,233,../../images/data/1865/356.jpg,[-0.77406734 -0.53410804  0.4325996   0.76492757],0
234,234,../../images/data/1865/222.jpg,[-0.7004694  -0.25077713  1.29134     1.1045836 ],0
235,235,../../images/data/1865/236.jpg,[-0.68860483 -0.23520957  0.3362729   0.3182661 ],0
236,236,../../images/data/1865/237.jpg,[-2.858317    0.62141466  0.28755993 -1.9479729 ],0
237,237,../../images/data/1865/343.jpg,[1.9128492 1.2449569 1.9905245 2.530095 ],0
238,238,../../images/data/1865/357.jpg,[-0.2945045  -0.7108946  -0.02892441  0.1615582 ],0
239,239,../../images/data/1865/380.jpg,[-0.75396943 -0.43389142  0.60259134 -0.2338968 ],0
240,240,../../images/data/1865/141.jpg,[-0.672651    0.5541452   0.7940596   0.56712645],0
241,241,../../images/data/1865/155.jpg,[ 0.90676033 -1.5335563   3.4440565   0.58061093],0
242,242,../../images/data/1865/83.jpg,[-0.988889   -0.23961316 -0.09091563  0.53267235],0
243,243,../../images/data/1865/169.jpg,[ 0.6511711  -0.28159273  0.8730934  -0.00503928],0
244,244,../../images/data/1865/182.jpg,[-0.97208273  0.04091252  1.2184067   0.8428604 ],0
245,245,../../images/data/1865/68.jpg,[-0.5780033  -0.22659718  1.3292058   0.7045259 ],0
246,246,../../images/data/1865/40.jpg,[-0.4868711  -0.34844196  0.05143719  0.09780829],0
247,247,../../images/data/1865/54.jpg,[-0.48345718 -1.1791632   1.2841423   0.6162116 ],0
248,248,../../images/data/1865/6.jpg,[ 2.5709734 -0.3189379  3.1324472  1.5691122],0
249,249,../../images/data/1865/78.jpg,[ 0.48021498 -0.24311458  0.63809854  0.23337452],0
250,250,../../images/data/1865/186.jpg,[-0.59070814 -0.3669604   0.6496585   0.6328742 ],0
251,251,../../images/data/1865/2.jpg,[-1.3333017  -1.346612    0.06980949 -2.107008  ],0
252,252,../../images/data/1865/44.jpg,[-0.2491921 -2.4065664  0.6889842  1.0283564],0
253,253,../../images/data/1865/151.jpg,[ 0.1399007 -1.2454907  1.1394212  0.3542897],0
254,254,../../images/data/1865/145.jpg,[-0.77167207 -0.98516834  1.1318002   0.23343413],0
255,255,../../images/data/1865/87.jpg,[-0.9258441  -0.42671692  0.3875546   0.36664265],0
256,256,../../images/data/1865/179.jpg,[-0.567661   -0.41401398  0.40351552  0.10212677],0
257,257,../../images/data/1865/390.jpg,[ 0.28387138 -1.3578707   0.86466914  0.9464869 ],0
258,258,../../images/data/1865/353.jpg,[-3.334069  -6.115345  -1.0979564  4.957387 ],0
259,259,../../images/data/1865/347.jpg,[-0.30137786  0.24334706  0.7621644   0.743421  ],0
260,260,../../images/data/1865/227.jpg,[-1.151462    0.06069459  1.0386524   0.9703711 ],0
261,261,../../images/data/1865/232.jpg,[-0.6767864  -0.91458786  0.6881371   0.4700789 ],0
262,262,../../images/data/1865/226.jpg,[-0.85451996 -1.0537869   1.3298501   0.16770165],0
263,263,../../images/data/1865/346.jpg,[-0.4963239  -1.1934835   0.9703966   0.46769708],0
264,264,../../images/data/1865/385.jpg,[-0.83328366 -0.29264605  1.5357897   0.8394641 ],0
265,265,../../images/data/1865/391.jpg,[-0.32949385 -0.83782685  1.2871425   0.4443807 ],0
266,266,../../images/data/1865/86.jpg,[-0.21713398 -0.68724453  0.7823406   0.6767582 ],0
267,267,../../images/data/1865/92.jpg,[-0.24101554 -0.80868423  1.0757563   0.46371406],0
268,268,../../images/data/1865/144.jpg,[-2.1969485  -6.7263618   0.21535163 -2.4249334 ],0
269,269,../../images/data/1865/150.jpg,[-0.8261602   0.19782723  0.9547251   0.2946939 ],0
270,270,../../images/data/1865/3.jpg,[-0.53962505  0.2682165   0.45903116  0.01920121],0
271,271,../../images/data/1865/51.jpg,[-1.0217649  -2.5903623  -0.9911173  -0.73835737],0
272,272,../../images/data/1865/79.jpg,[-0.57663834  0.6541034   0.14202552  0.6392092 ],0
273,273,../../images/data/1865/193.jpg,[-0.09035479 -0.01000272  1.820186    0.81453377],0
274,274,../../images/data/1865/185.jpg,[-1.9010371  -0.51123416  1.6279681   1.3020133 ],0
275,275,../../images/data/1865/191.jpg,[-0.32435313 -1.5667344   0.01441221 -0.00608093],0
276,276,../../images/data/1865/53.jpg,[-0.5948434  -0.61845505  1.3545097   0.717611  ],0
277,277,../../images/data/1865/1.jpg,[-1.0095273  -0.75710213  0.7616604   0.7783207 ],0
278,278,../../images/data/1865/146.jpg,[-1.1620122  -0.14465915  0.8525041   0.6583409 ],0
279,279,../../images/data/1865/84.jpg,[-0.5956739  -0.69055235  1.4276855   0.35694164],0
280,280,../../images/data/1865/90.jpg,[-1.0428212  -0.34666836  1.6919886   0.5564427 ],0
281,281,../../images/data/1865/387.jpg,[-0.57935405 -0.7751998   1.6347473   2.2524033 ],0
282,282,../../images/data/1865/344.jpg,[-0.3348492  -0.29212534  0.5206123   0.5670771 ],0
283,283,../../images/data/1865/350.jpg,[-0.49388173 -0.48937476  0.86271226  0.6398073 ],0
284,284,../../images/data/1865/378.jpg,[-1.2065015  -0.20870207  1.0437107   0.4102661 ],0
285,285,../../images/data/1865/224.jpg,[1.6671139 2.9345593 2.9631503 5.38817  ],0
286,286,../../images/data/1865/218.jpg,[-0.1867644  -0.97402155  0.5512927   0.82130545],0
287,287,../../images/data/1865/219.jpg,[-0.46620265 -0.00334727  1.3886471   0.08612125],0
288,288,../../images/data/1865/231.jpg,[-0.88679576 -0.9836699   0.91817766  0.6995085 ],0
289,289,../../images/data/1865/379.jpg,[-0.8013312   0.06511844  1.0088977   0.7053428 ],0
290,290,../../images/data/1865/351.jpg,[-0.10247193 -0.39916694  1.1921624   0.89997953],0
291,291,../../images/data/1865/392.jpg,[ 0.2818109  -0.17680238 -0.98337334 -1.3731657 ],0
292,292,../../images/data/1865/386.jpg,[-0.9291922  0.3961128  0.7581566  0.7634019],0
293,293,../../images/data/1865/91.jpg,[-0.53712916 -0.360016    0.7636909   0.43473214],0
294,294,../../images/data/1865/153.jpg,[-0.64388466 -0.34081018  1.4176393   0.43913049],0
295,295,../../images/data/1865/147.jpg,[-0.9362812  -0.658249    1.0547967  -0.49876553],0
296,296,../../images/data/1865/52.jpg,[-0.24043213  1.2506701   1.3896284   0.6793842 ],0
297,297,../../images/data/1865/46.jpg,[ 0.04538693 -1.422058    1.0607481   0.3294167 ],0
298,298,../../images/data/1865/190.jpg,[-0.8493464 -1.0617512  1.2520027  1.0031306],0
299,299,../../images/data/1865/184.jpg,[-0.80937064  0.3584317   1.7302828   0.5272164 ],0
300,300,../../images/data/g7/176.jpg,[ 0.19358976  2.2461996  -3.6560504  -0.65329933],1
301,301,../../images/data/g7/200.jpg,[-4.3571234 -2.4396276  0.9610868  1.0106801],1
302,302,../../images/data/g7/201.jpg,[ 0.85026324  0.45857632 -0.54665416 -1.2560564 ],1
303,303,../../images/data/g7/163.jpg,[-2.3256087   1.5854028   0.42076164 -1.8880383 ],1
304,304,../../images/data/g7/62.jpg,[-2.352921    3.5952048  -0.45276433  0.40072912],1
305,305,../../images/data/g7/60.jpg,[ 1.5220988 -3.73368   -2.7971652 -3.0727463],1
306,306,../../images/data/g7/174.jpg,[ 1.7543933 -3.4910028  2.1415524  2.9851549],1
307,307,../../images/data/g7/49.jpg,[-0.56049454  2.7742264  -0.90086    -1.1817517 ],1
308,308,../../images/data/g7/61.jpg,[ 0.49431315  0.36125052 -0.63687414  5.6222634 ],1
309,309,../../images/data/g7/159.jpg,[-5.0601377   0.06677998  3.1303399   0.2659151 ],1
310,310,../../images/data/g7/64.jpg,[-0.27706298 -0.25908196  1.0687437   1.5486244 ],1
311,311,../../images/data/g7/8.jpg,[ 0.35114995 -2.535619    2.6754      0.53582543],1
312,312,../../images/data/g7/99.jpg,[ 2.8220441  -0.58264244 -2.7763207   2.966147  ],1
313,313,../../images/data/g7/204.jpg,[ 1.8336159  -0.06581246 -0.73849934  1.6971449 ],1
314,314,../../images/data/g7/166.jpg,[-3.5094113   0.44268787 -0.9338543   3.897613  ],1
315,315,../../images/data/g7/9.jpg,[-0.36249503  3.0196333   3.507724   -0.6834865 ],1
316,316,../../images/data/g7/288.jpg,[-2.1865625   0.92121613 -0.41273552  2.7182097 ],1
317,317,../../images/data/g7/316.jpg,[ 2.1634283  3.5557628  3.8972251 -1.8157855],1
318,318,../../images/data/g7/302.jpg,[-3.521747    0.70400727 -0.3423875  -1.4350104 ],1
319,319,../../images/data/g7/29.jpg,[ 3.058031   -0.55067813 -0.3571071   0.9714598 ],1
320,320,../../images/data/g7/17.jpg,[ 0.6618273  -1.8437327   0.94728786 -0.532527  ],1
321,321,../../images/data/g7/102.jpg,[-2.5846584  1.1858982  2.684965  -1.8972226],1
322,322,../../images/data/g7/260.jpg,[-1.424956  -1.1490947 -1.7881414  2.4838758],1
323,323,../../images/data/g7/315.jpg,[ 0.9326304  -3.0735264   1.1490998  -0.58901674],1
324,324,../../images/data/g7/103.jpg,[ 0.6184877  1.9679812 -1.6762826  3.4979343],1
325,325,../../images/data/g7/117.jpg,[ 2.1304996  -0.30431163  1.7245127   1.0098108 ],1
326,326,../../images/data/g7/107.jpg,[-3.2520278  -2.342245    0.34716225  2.747589  ],1
327,327,../../images/data/g7/258.jpg,[-0.35951898 -0.23456417 -1.1879852  -0.52358824],1
328,328,../../images/data/g7/39.jpg,[-1.9768189 -0.6825737 -0.4467724  3.123084 ],1
329,329,../../images/data/g7/138.jpg,[-2.030616    1.8070904  -1.2303206  -0.45557982],1
330,330,../../images/data/g7/111.jpg,[-0.6147181  2.0956483 -3.7231965 -1.1948229],1
331,331,../../images/data/g7/10.jpg,[-1.6545739   2.285832   -0.39079708 -1.3200394 ],1
332,332,../../images/data/g7/35.jpg,[5.9876614 0.2310635 3.2776983 7.9086394],1
333,333,../../images/data/g7/120.jpg,[ 2.5895977  0.9957644  1.6949427 -3.657778 ],1
334,334,../../images/data/g7/336.jpg,[0.7555616 2.620925  0.8772853 2.5083883],1
335,335,../../images/data/g7/135.jpg,[-0.95969546  0.7633809   2.6607053  -1.9913961 ],1
336,336,../../images/data/g7/121.jpg,[2.4089746 2.8446193 0.9626841 1.273306 ],1
337,337,../../images/data/g7/34.jpg,[-0.60169256 -2.3938842   3.2264583  -2.5355248 ],1
338,338,../../images/data/g7/36.jpg,[-3.2546363  -0.5965818   0.17792682  1.0206622 ],1
339,339,../../images/data/g7/22.jpg,[ 2.418923   -0.41996872 -1.6779218  -4.2147985 ],1
340,340,../../images/data/g7/282.jpg,[ 2.0058386  -2.9065995  -1.0044847   0.72764915],1
341,341,../../images/data/g7/334.jpg,[-0.3292813  1.0014104  2.1719515  3.1029081],1
342,342,../../images/data/g7/308.jpg,[2.9290333  0.58700454 0.3352527  1.7778689 ],1
343,343,../../images/data/g7/23.jpg,[-1.2426347   0.4250337   0.31134373  1.4759033 ],1
344,344,../../images/data/g7/293.jpg,[0.42094597 0.83805907 1.5539882  2.2938304 ],1
345,345,../../images/data/g7/278.jpg,[ 1.6294763  -1.2697145  -0.13080485 -1.3339564 ],1
346,346,../../images/data/g7/292.jpg,[2.9063227  0.11704076 2.6458483  1.5581813 ],1
347,347,../../images/data/g7/127.jpg,[ 1.0548346  -0.5570221   0.63320917  1.3854841 ],1
348,348,../../images/data/g7/26.jpg,[ 0.40048495  1.3319663  -0.51729506  2.3671772 ],1
349,349,../../images/data/g7/32.jpg,[-1.5691606 -0.7944237 -0.710041   3.1232805],1
350,350,../../images/data/g7/30.jpg,[-0.3837317  1.3866068 -2.0434716  2.2180593],1
351,351,../../images/data/g7/284.jpg,[ 3.5890887  0.3221134  3.3440537 -2.3937702],1
352,352,../../images/data/g7/253.jpg,[-3.411561   2.0565958  3.1445496  2.754159 ],1
353,353,../../images/data/g7/31.jpg,[-1.6495502   0.28939784  0.21421711  0.13230865],1
354,354,../../images/data/g7/19.jpg,[-0.3243501   0.65156543 -0.64204305  4.075482  ],1
355,355,../../images/data/g7/4.jpg,[ 0.28342727  4.3083897  -0.13839598 -4.230325  ],1
356,356,../../images/data/g7/57.jpg,[ 1.8306907  -0.01389133  2.0845473   1.0604972 ],1
357,357,../../images/data/g7/7.jpg,[ 1.434774    0.90254605  2.9422257  -0.00609977],1
358,358,../../images/data/g7/41.jpg,[-0.30151764 -1.6282831   3.6121302   4.288591  ],1
359,359,../../images/data/g7/82.jpg,[-2.2259936  -1.317798   -1.2555122  -0.13558419],1
360,360,../../images/data/g7/154.jpg,[ 2.6892166 -2.2246315  1.7908694 -1.2130829],1
361,361,../../images/data/g7/83.jpg,[ 0.26662233 -0.6183387   0.00394719 -3.6469576 ],1
362,362,../../images/data/g7/169.jpg,[ 1.8845555 -0.941026  -0.9388878  2.3912172],1
363,363,../../images/data/g7/182.jpg,[-0.9696418 -1.2814165  1.5940022 -2.1541367],1
364,364,../../images/data/g7/6.jpg,[-0.90685606 -0.67981064  0.5161634  -1.5944883 ],1
365,365,../../images/data/g7/2.jpg,[-1.9578967   1.0178522  -0.5948569   0.23678888],1
366,366,../../images/data/g7/50.jpg,[-1.8018839  -0.98238564  0.9295657   1.4790236 ],1
367,367,../../images/data/g7/44.jpg,[-2.4999337   0.47081602  0.67063886  0.97441906],1
368,368,../../images/data/g7/145.jpg,[-0.6896132  -0.55593836  2.393762   -0.36692864],1
369,369,../../images/data/g7/227.jpg,[-0.22062342  2.8626978  -1.4610848  -1.2985793 ],1
370,370,../../images/data/g7/178.jpg,[-0.36148867  0.36034667 -3.1376975   2.049162  ],1
371,371,../../images/data/g7/45.jpg,[-5.3165913 -1.2743996 -3.479921  -0.1934901],1
372,372,../../images/data/g7/3.jpg,[-1.6799067 -2.9743989  2.5122268 -0.4752043],1
373,373,../../images/data/g7/51.jpg,[-3.2110875  0.4514569  3.686017   6.450624 ],1
374,374,../../images/data/g7/191.jpg,[ 0.66999364 -1.71336    -2.1107526   0.0960459 ],1
375,375,../../images/data/g7/1.jpg,[ 1.367431   -0.413921    0.53792256  0.30504364],1
376,376,../../images/data/g7/84.jpg,[ 1.4345413   2.1830626  -0.61949223 -2.1825595 ],1
377,377,../../images/data/g7/85.jpg,[-1.7615494  1.6773881  1.8040509 -1.8184496],1
378,378,../../images/data/g7/52.jpg,[ 1.9836655 -2.4835963  3.4036705  1.1119448],1
379,379,../../images/data/g7/0.jpg,[-3.3620238   2.7393975   0.08935194  2.5357075 ],1
380,380,../../images/data/g7/190.jpg,[-2.3118732  -0.16260229 -0.47527343 -2.035914  ],1
381,381,../../images/data/Barton/89.jpg,[-2.943942    1.9578747  -0.81103224  2.5276241 ],2
382,382,../../images/data/Barton/62.jpg,[-3.5451498   1.9222025   0.47881442 -0.47503072],2
383,383,../../images/data/Barton/60.jpg,[-5.748126   -1.5464207   0.7723878  -0.48969394],2
384,384,../../images/data/Barton/61.jpg,[-2.2647905  -0.43448234 -0.5980541  -1.1438171 ],2
385,385,../../images/data/Barton/75.jpg,[-0.13808213  3.065188   -0.8367676   2.0615861 ],2
386,386,../../images/data/Barton/59.jpg,[-1.8209952   2.4734826   0.08454543  0.8031768 ],2
387,387,../../images/data/Barton/65.jpg,[-0.97775614  0.98512876  0.98094636  0.38298076],2
388,388,../../images/data/Barton/64.jpg,[-1.5874572   0.9212047   0.87293273 -1.1436852 ],2
389,389,../../images/data/Barton/72.jpg,[-0.03751682  1.5832499  -2.7059884   1.5026692 ],2
390,390,../../images/data/Barton/98.jpg,[-3.4178302   0.64412916 -1.0194244   1.3278087 ],2
391,391,../../images/data/Barton/73.jpg,[-2.5751994  -0.16589986 -1.0013433   0.20181386],2
392,392,../../images/data/Barton/14.jpg,[-1.8128506   2.9464302  -0.81476897  0.51170534],2
393,393,../../images/data/Barton/28.jpg,[-3.153397    0.82033575 -0.65335125  0.3926391 ],2
394,394,../../images/data/Barton/15.jpg,[-0.69106877  1.6164459   0.40233427 -0.8622492 ],2
395,395,../../images/data/Barton/16.jpg,[-1.9799503   0.3842622  -0.89689916  1.5650796 ],2
396,396,../../images/data/Barton/13.jpg,[-4.6697693  -1.6320144  -0.78046936  2.1068187 ],2
397,397,../../images/data/Barton/39.jpg,[-3.7627666   1.7621235   0.7430864   0.95760053],2
398,398,../../images/data/Barton/10.jpg,[-4.1914763   0.8428935   0.52530533  0.5298013 ],2
399,399,../../images/data/Barton/21.jpg,[2.040197   1.8404595  0.32229358 2.6057851 ],2
400,400,../../images/data/Barton/35.jpg,[-4.7380586   0.4225682  -0.22812338  3.9859543 ],2
401,401,../../images/data/Barton/20.jpg,[ 1.2910422   2.2650187   2.7820709  -0.79598576],2
402,402,../../images/data/Barton/36.jpg,[-1.8595042   0.26184928 -0.39064044  1.8818733 ],2
403,403,../../images/data/Barton/22.jpg,[-3.7473922   0.7566129  -0.7966227   0.89070314],2
404,404,../../images/data/Barton/18.jpg,[-4.901166    0.35474503 -0.16850658 -0.04669482],2
405,405,../../images/data/Barton/24.jpg,[ 0.85671794  0.5857781  -1.4431288   1.9458987 ],2
406,406,../../images/data/Barton/25.jpg,[-3.9038308 -0.8737267  1.1031427  1.4904345],2
407,407,../../images/data/Barton/42.jpg,[-3.7977908   2.2663481  -0.13982697 -1.111369  ],2
408,408,../../images/data/Barton/4.jpg,[-2.0466971  1.6501111 -1.4945366  1.5796617],2
409,409,../../images/data/Barton/56.jpg,[-2.3747346  2.5870934 -2.8562582  1.1980883],2
410,410,../../images/data/Barton/94.jpg,[-1.4901893 -0.6364391 -1.4523106  1.8303751],2
411,411,../../images/data/Barton/5.jpg,[-1.5149784   1.6529864  -1.5845203  -0.89125735],2
412,412,../../images/data/Barton/57.jpg,[-1.8479234   0.4753121   0.62384766  0.46775764],2
413,413,../../images/data/Barton/82.jpg,[-2.3398433  1.4288234 -0.6478855  3.3454523],2
414,414,../../images/data/Barton/97.jpg,[-3.7307446   2.4888725  -0.44661492  1.2924079 ],2
415,415,../../images/data/Barton/68.jpg,[-2.2432342  3.9390678  1.4066072  1.896942 ],2
416,416,../../images/data/Barton/6.jpg,[-2.5134919  -4.1407695   0.17450027  0.2824282 ],2
417,417,../../images/data/Barton/78.jpg,[-3.1958318   2.098461    0.29875308  1.0830309 ],2
418,418,../../images/data/Barton/2.jpg,[-3.056159   1.2699918 -0.4294471  0.6526713],2
419,419,../../images/data/Barton/47.jpg,[-1.7690302  -0.19671522  0.0776177  -0.7986985 ],2
420,420,../../images/data/Barton/53.jpg,[ 1.1025976  -0.5712329   0.307885    0.10550492],2
421,421,../../images/data/Barton/1.jpg,[-4.3875823 -2.6230533 -1.6767764  1.4918643],2
422,422,../../images/data/Barton/91.jpg,[ 0.82071805  3.5880153  -0.71292454  0.6024625 ],2
423,423,../../images/data/Barton/85.jpg,[-4.7892137  -0.45836413  0.12630312 -0.48964173],2
424,424,../../images/data/Barton/52.jpg,[-3.8533082  -0.72094977 -0.04817862 -0.24679096],2
425,425,../../images/data/Montes_Alpha/77.jpg,[-3.670087   1.3896445  1.9906063 -1.2169884],3
426,426,../../images/data/Montes_Alpha/88.jpg,[-2.6906726   1.4430851   1.0618702  -0.87188417],3
427,427,../../images/data/Montes_Alpha/89.jpg,[-0.54914635 -0.09121691  3.5354068  -1.2717679 ],3
428,428,../../images/data/Montes_Alpha/62.jpg,[1.0252153  2.1271515  1.8935474  0.63591236],3
429,429,../../images/data/Montes_Alpha/74.jpg,[-1.9455386  1.0394913 -1.5474524 -2.3896508],3
430,430,../../images/data/Montes_Alpha/60.jpg,[ 1.9656962   0.7572144  -0.68242043 -0.9563013 ],3
431,431,../../images/data/Montes_Alpha/49.jpg,[-0.33131108  3.4337254  -0.7104468  -0.44040114],3
432,432,../../images/data/Montes_Alpha/61.jpg,[ 0.9909855  0.7560717  1.92502   -2.1969154],3
433,433,../../images/data/Montes_Alpha/59.jpg,[1.4414724 2.2204318 2.0845125 3.9598954],3
434,434,../../images/data/Montes_Alpha/65.jpg,[ 0.44071785  0.35443914 -1.9521499  -0.28275543],3
435,435,../../images/data/Montes_Alpha/64.jpg,[ 0.35248092 -2.8822505  -0.13533969 -0.872099  ],3
436,436,../../images/data/Montes_Alpha/58.jpg,[-2.7041774   0.47644007 -0.19436593 -0.95937926],3
437,437,../../images/data/Montes_Alpha/66.jpg,[-2.1288996  1.5778424  1.578119  -1.5960447],3
438,438,../../images/data/Montes_Alpha/72.jpg,[-1.8204541  1.9241399 -2.9811122 -1.8008779],3
439,439,../../images/data/Montes_Alpha/73.jpg,[-1.3243215  2.6667037  0.3890987  1.041243 ],3
440,440,../../images/data/Montes_Alpha/67.jpg,[-1.5929195  -2.3253717   0.33794326  0.38859743],3
441,441,../../images/data/Montes_Alpha/14.jpg,[-2.0145643 -1.1834503  1.7805053  3.3586974],3
442,442,../../images/data/Montes_Alpha/29.jpg,[-0.9518242  1.7483624  2.2958686 -1.0612422],3
443,443,../../images/data/Montes_Alpha/15.jpg,[0.3135486  3.657433   0.20919518 0.7264628 ],3
444,444,../../images/data/Montes_Alpha/17.jpg,[ 1.4728664   2.1855674  -2.6737227  -0.03549439],3
445,445,../../images/data/Montes_Alpha/12.jpg,[-1.11911     4.4897313  -1.4787986  -0.33983952],3
446,446,../../images/data/Montes_Alpha/13.jpg,[-2.8128498   0.39455736  2.211993   -1.4730254 ],3
447,447,../../images/data/Montes_Alpha/39.jpg,[-0.1027659 -0.5632981  2.5867054 -1.7918352],3
448,448,../../images/data/Montes_Alpha/10.jpg,[-0.88009775  1.2986063  -1.0806022  -0.34887177],3
449,449,../../images/data/Montes_Alpha/38.jpg,[-1.9206213  2.2451353 -1.3240737 -2.0732422],3
450,450,../../images/data/Montes_Alpha/21.jpg,[-0.6250019 -1.1879221  3.426915   0.227585 ],3
451,451,../../images/data/Montes_Alpha/34.jpg,[-3.223434    1.0659255   0.8957625  -0.12535293],3
452,452,../../images/data/Montes_Alpha/20.jpg,[-2.5004015 -1.2162753 -0.1956379 -1.7093431],3
453,453,../../images/data/Montes_Alpha/36.jpg,[-3.3732705   2.7085576  -0.18756647 -1.0607122 ],3
454,454,../../images/data/Montes_Alpha/37.jpg,[-3.5703936   0.43824136  0.16862325  0.6190786 ],3
455,455,../../images/data/Montes_Alpha/33.jpg,[-0.395681    1.8233799   1.6563208   0.47978777],3
456,456,../../images/data/Montes_Alpha/27.jpg,[-0.4341596  -0.89184153 -2.7439377  -0.33770138],3
457,457,../../images/data/Montes_Alpha/32.jpg,[-0.18698166  3.9587364  -4.1459055  -0.3574434 ],3
458,458,../../images/data/Montes_Alpha/18.jpg,[-1.9454676  2.1492946  0.6659923  3.0748951],3
459,459,../../images/data/Montes_Alpha/24.jpg,[-1.9732238  -1.6332632   0.77427703 -1.8713905 ],3
460,460,../../images/data/Montes_Alpha/19.jpg,[-1.0954657  1.6998683 -2.0468056 -1.4808098],3
461,461,../../images/data/Montes_Alpha/42.jpg,[ 0.3753951  3.1245189  1.0659934 -0.4132957],3
462,462,../../images/data/Montes_Alpha/4.jpg,[ 0.8394772   4.472195   -1.3967991   0.10472386],3
463,463,../../images/data/Montes_Alpha/81.jpg,[-2.3778186   0.595157    0.85806173 -3.760945  ],3
464,464,../../images/data/Montes_Alpha/95.jpg,[-0.40378675 -0.4787897  -0.93156546 -3.060124  ],3
465,465,../../images/data/Montes_Alpha/94.jpg,[-0.23035859  1.160554   -1.5486115  -3.4192762 ],3
466,466,../../images/data/Montes_Alpha/5.jpg,[-0.92464566  4.306135   -0.9544684   0.45828575],3
467,467,../../images/data/Montes_Alpha/57.jpg,[-1.0276479  -0.00974332 -1.4358058  -0.62212473],3
468,468,../../images/data/Montes_Alpha/43.jpg,[-0.61014354  2.5021532  -1.4806504  -1.2709147 ],3
469,469,../../images/data/Montes_Alpha/7.jpg,[-1.185837    0.85538995 -1.2348089  -0.5853155 ],3
470,470,../../images/data/Montes_Alpha/41.jpg,[-1.7712611  -0.93505013  3.1025264   0.92349905],3
471,471,../../images/data/Montes_Alpha/69.jpg,[-1.1184502   0.96131027  1.4267215   1.1108102 ],3
472,472,../../images/data/Montes_Alpha/82.jpg,[ 1.6027349  -0.16901408  0.92689043 -0.91892964],3
473,473,../../images/data/Montes_Alpha/97.jpg,[-0.45248327  3.0934672  -2.0133457  -0.951871  ],3
474,474,../../images/data/Montes_Alpha/68.jpg,[-1.5717865   1.5980283   0.99546415 -3.0040894 ],3
475,475,../../images/data/Montes_Alpha/54.jpg,[ 0.04504289  2.4753056   4.9228625  -1.0638455 ],3
476,476,../../images/data/Montes_Alpha/6.jpg,[-2.9316807  -0.40163267 -0.55916995 -1.1981932 ],3
477,477,../../images/data/Montes_Alpha/78.jpg,[-1.6080685   1.3580779   0.46965867 -0.37941843],3
478,478,../../images/data/Montes_Alpha/50.jpg,[-1.2693223   2.8094072  -0.72156686  0.05573791],3
479,479,../../images/data/Montes_Alpha/44.jpg,[-0.33579895  2.7376618   1.1133704   0.98739094],3
480,480,../../images/data/Montes_Alpha/93.jpg,[-0.20496486  2.329649   -0.98645836 -0.9327871 ],3
481,481,../../images/data/Montes_Alpha/86.jpg,[-1.5995162   2.4952688   0.18312494  0.03527486],3
482,482,../../images/data/Montes_Alpha/92.jpg,[ 2.1756954  2.0992684 -2.2788303 -1.7927839],3
483,483,../../images/data/Montes_Alpha/45.jpg,[-2.2410207  1.222813   4.5562863 -4.0199437],3
484,484,../../images/data/Montes_Alpha/51.jpg,[ 0.32795718  4.2615666  -1.5839584  -2.0767813 ],3
485,485,../../images/data/Montes_Alpha/79.jpg,[ 2.1256607 -1.277054   0.4529763  2.8784766],3
486,486,../../images/data/Montes_Alpha/47.jpg,[-1.809052    0.3292147   0.24146228 -2.2640824 ],3
487,487,../../images/data/Montes_Alpha/1.jpg,[-1.8953769   3.5082612   0.37379342 -4.2142887 ],3
488,488,../../images/data/Montes_Alpha/90.jpg,[-1.096405    1.7206429  -0.24656112  3.7692301 ],3
489,489,../../images/data/Montes_Alpha/91.jpg,[0.07855369 1.8388351  2.9443343  0.96973485],3
490,490,../../images/data/Montes_Alpha/52.jpg,[-0.3325909   1.9381627   1.8648608  -0.11696202],3
491,491,../../images/data/Montes_Alpha/0.jpg,[ 1.2644407  -0.7256087  -0.43048233 -1.072244  ],3
492,492,../../images/data/Montes_Alpha/46.jpg,[-2.6881418  2.4810843  1.13765    0.5405168],3
493,493,../../images/data/1/62.jpg,[ 1.174884   -1.1502539  -0.33974594  4.0435705 ],4
494,494,../../images/data/1/60.jpg,[-0.2582005  -0.4345299   0.02586704  4.2642264 ],4
495,495,../../images/data/1/48.jpg,[-0.23091613 -4.9870815  -0.30354923  4.7658696 ],4
496,496,../../images/data/1/59.jpg,[-0.86449325  0.81394064  1.2283521   0.98721474],4
497,497,../../images/data/1/71.jpg,[ 0.09928222 -0.4486096   1.1664582   3.6468916 ],4
498,498,../../images/data/1/65.jpg,[ 0.6007169 -1.2522963  0.6444307  3.0458148],4
499,499,../../images/data/1/64.jpg,[-0.7126378   3.5410209   0.72020537  7.6181808 ],4
500,500,../../images/data/1/58.jpg,[ 0.2540057  -0.61904657  0.9087725   3.7891216 ],4
501,501,../../images/data/1/8.jpg,[-0.8844174 -0.6136495  0.1129468  4.975224 ],4
502,502,../../images/data/1/73.jpg,[ 1.2380375  -0.9721104   0.29069597  3.9202247 ],4
503,503,../../images/data/1/9.jpg,[ 0.9844342 -0.8247639  0.4581924  3.661315 ],4
504,504,../../images/data/1/14.jpg,[-0.6728852 -0.9446937  0.5203931  3.5642295],4
505,505,../../images/data/1/29.jpg,[ 0.0114732 -1.4739085  0.7247141  4.449209 ],4
506,506,../../images/data/1/15.jpg,[ 0.88764775 -1.3663268   0.523918    1.1563565 ],4
507,507,../../images/data/1/17.jpg,[-0.10675792 -1.822178    1.0473149   4.0253444 ],4
508,508,../../images/data/1/39.jpg,[-0.5640421   0.56441677  0.8804291  -2.7673182 ],4
509,509,../../images/data/1/11.jpg,[-0.14627169 -0.3032881   0.6752539   4.1490445 ],4
510,510,../../images/data/1/10.jpg,[ 0.8356401  -1.1534654   0.87006634  4.018987  ],4
511,511,../../images/data/1/35.jpg,[-0.39967558 -1.3177915   0.45002288  4.2398763 ],4
512,512,../../images/data/1/34.jpg,[-1.1834074  -0.5594343   0.89946467  5.0942063 ],4
513,513,../../images/data/1/20.jpg,[-0.26087758 -0.28461635 -0.93862385  4.0480494 ],4
514,514,../../images/data/1/22.jpg,[ 0.80814946  0.74603784 -0.52542526  3.8088439 ],4
515,515,../../images/data/1/23.jpg,[-0.04393722 -1.1359273   0.89903575  3.944852  ],4
516,516,../../images/data/1/33.jpg,[ 0.950374   -0.462254    0.06567227  3.4011545 ],4
517,517,../../images/data/1/26.jpg,[-0.21319531 -0.6579081  -0.68978375  3.553534  ],4
518,518,../../images/data/1/32.jpg,[-0.25534424 -0.8209131  -0.16507073  4.2455025 ],4
519,519,../../images/data/1/18.jpg,[-3.4934268 -1.5969955 -2.7246459  2.3229938],4
520,520,../../images/data/1/30.jpg,[-1.5571992  1.0911168  2.9665868  4.573227 ],4
521,521,../../images/data/1/31.jpg,[ 0.10979022 -0.70522034  0.6088074   4.570374  ],4
522,522,../../images/data/1/25.jpg,[-0.9831015  -0.62229216  0.75227207  3.7490234 ],4
523,523,../../images/data/1/42.jpg,[-0.5269346 -1.0160342  1.2798069  3.8768983],4
524,524,../../images/data/1/4.jpg,[-0.38256702 -0.22624265  1.0561006   4.408644  ],4
525,525,../../images/data/1/56.jpg,[0.35948184 0.30151808 0.39238936 3.785289  ],4
526,526,../../images/data/1/5.jpg,[-0.27857718 -0.1609677   1.187784    4.7538066 ],4
527,527,../../images/data/1/43.jpg,[-0.63579977 -1.900349   -0.50153035  4.865051  ],4
528,528,../../images/data/1/55.jpg,[-1.2182006  -0.27825844  1.3184495   3.649432  ],4
529,529,../../images/data/1/41.jpg,[-0.06468074 -0.37832928  0.21743958  3.7009904 ],4
530,530,../../images/data/1/69.jpg,[-0.17902295  0.36393058 -0.43641084  2.0245836 ],4
531,531,../../images/data/1/97.jpg,[ 0.0120696  -1.1109344  -0.51843995  3.5583475 ],4
532,532,../../images/data/1/40.jpg,[-0.6225142   0.33305466  0.9513766   3.8454492 ],4
533,533,../../images/data/1/54.jpg,[ 0.5954089 -0.54133   -0.2332582  3.8022008],4
534,534,../../images/data/1/6.jpg,[-0.64680487 -1.4162756  -0.7671748  -0.38898593],4
535,535,../../images/data/1/44.jpg,[ 0.55074704 -0.9787067   1.2881978   4.139867  ],4
536,536,../../images/data/1/92.jpg,[-0.32639083 -2.8412476   1.3860837   4.0926557 ],4
537,537,../../images/data/1/45.jpg,[-0.10592948 -1.8552951   0.5570126   3.5087087 ],4
538,538,../../images/data/1/79.jpg,[ 0.04506458 -1.6331941   0.6677092  -0.3800829 ],4
539,539,../../images/data/1/47.jpg,[ 0.76717305 -0.8248215   0.7065858   3.8796902 ],4
540,540,../../images/data/1/1.jpg,[ 0.06750752 -1.3549966   0.44645053  4.4437547 ],4
541,541,../../images/data/1/0.jpg,[-1.0474277 -1.244764   3.3318353  5.8695064],4
542,542,../../images/data/1/46.jpg,[-3.2649884 -0.4486543  0.8040381  2.9455943],4
543,543,../../images/data/Diablo/88.jpg,[-0.45058832  1.8941997   0.47112948 -0.669643  ],5
544,544,../../images/data/Diablo/74.jpg,[-3.931895   2.0407853  1.4983277 -1.5758516],5
545,545,../../images/data/Diablo/60.jpg,[-0.8090125  1.8494982  1.2153193 -0.8217929],5
546,546,../../images/data/Diablo/61.jpg,[-0.8397474   3.390863    0.19553523 -1.8427829 ],5
547,547,../../images/data/Diablo/75.jpg,[-2.4890056   0.54422474  3.047616    1.4369962 ],5
548,548,../../images/data/Diablo/59.jpg,[-2.0602746   2.8562155  -1.4517689   0.38722605],5
549,549,../../images/data/Diablo/65.jpg,[-2.917943    2.8017106  -0.38825625 -1.4220783 ],5
550,550,../../images/data/Diablo/64.jpg,[-0.05748378  0.5861577   1.9859568  -0.6541118 ],5
551,551,../../images/data/Diablo/67.jpg,[-3.9224195   3.8884711  -0.20780678 -3.093988  ],5
552,552,../../images/data/Diablo/9.jpg,[-2.1991892  1.2447666 -1.6537575 -1.3840417],5
553,553,../../images/data/Diablo/14.jpg,[-2.805087   1.9327182  1.2001619 -1.6870246],5
554,554,../../images/data/Diablo/15.jpg,[-0.9305017  5.0496535 -1.3532922  1.1992477],5
555,555,../../images/data/Diablo/17.jpg,[ 0.33416966  4.1272945  -0.6770312  -1.1611391 ],5
556,556,../../images/data/Diablo/16.jpg,[-4.6464186  -2.5711403   0.18805008  2.3059044 ],5
557,557,../../images/data/Diablo/11.jpg,[-1.1680235 -2.8273106  0.8993229 -1.3040735],5
558,558,../../images/data/Diablo/10.jpg,[-0.33355543  5.6678176   2.33842     1.1780595 ],5
559,559,../../images/data/Diablo/21.jpg,[-1.0192775  -0.8329805  -2.0890875  -0.26542383],5
560,560,../../images/data/Diablo/34.jpg,[-1.2867733 -1.7321507  1.4322417 -1.8179725],5
561,561,../../images/data/Diablo/20.jpg,[-2.0878277   1.6915754  -0.37253457  0.8578121 ],5
562,562,../../images/data/Diablo/36.jpg,[-0.50335896  0.70190275  2.2597458  -1.4624141 ],5
563,563,../../images/data/Diablo/27.jpg,[ 1.6561025   2.1119454   0.47939283 -1.7159554 ],5
564,564,../../images/data/Diablo/26.jpg,[-1.0442945  2.252326   3.1612754 -0.2870074],5
565,565,../../images/data/Diablo/32.jpg,[-4.7978854  1.059759   1.1652653  2.0426989],5
566,566,../../images/data/Diablo/30.jpg,[-0.22245608  1.4310218   0.6987805  -1.6575617 ],5
567,567,../../images/data/Diablo/25.jpg,[ 2.8055735 -2.253488   1.968292   2.6945157],5
568,568,../../images/data/Diablo/42.jpg,[ 0.0235063   0.23698558  0.25998837 -3.3653555 ],5
569,569,../../images/data/Diablo/95.jpg,[-3.3135977  -0.7762469   1.958607    0.47542924],5
570,570,../../images/data/Diablo/5.jpg,[-0.13556086  2.2226772   1.2619712   0.939053  ],5
571,571,../../images/data/Diablo/57.jpg,[-1.9264641 -0.1040374  1.7704508  1.8801006],5
572,572,../../images/data/Diablo/7.jpg,[-0.57917607  3.7264795  -0.9631688  -1.7332567 ],5
573,573,../../images/data/Diablo/96.jpg,[ 0.6181383  -0.72428834  0.86139566  1.0397614 ],5
574,574,../../images/data/Diablo/83.jpg,[-1.6054476  2.2408     0.4817961 -3.777142 ],5
575,575,../../images/data/Diablo/68.jpg,[-1.6739117  1.4583875  2.7062495  0.5743829],5
576,576,../../images/data/Diablo/54.jpg,[-0.20184575  0.62452257 -2.379973    0.6655132 ],5
577,577,../../images/data/Diablo/78.jpg,[-0.33325157 -2.415371    1.2819127  -4.4666    ],5
578,578,../../images/data/Diablo/93.jpg,[-1.041298   -2.740853    1.3817587  -0.00876672],5
579,579,../../images/data/Diablo/92.jpg,[-2.317531   -0.78396356  3.3218572  -0.28731447],5
580,580,../../images/data/Diablo/3.jpg,[-4.1562967 -1.7623426 -1.5625494  4.3458886],5
581,581,../../images/data/Diablo/53.jpg,[-0.67092526  2.1954842   0.02116256 -0.65092045],5
582,582,../../images/data/Diablo/1.jpg,[-0.9076444  4.5056844 -1.7794502 -1.1975445],5
583,583,../../images/data/Diablo/84.jpg,[-1.7406924  2.1630096  3.3101864  0.9108972],5
584,584,../../images/data/Diablo/91.jpg,[-1.9528772  0.6876136 -0.5911345 -1.8260392],5
585,585,../../images/data/Diablo/85.jpg,[-0.18881832  2.973054    0.02809863  2.0432138 ],5
586,586,../../images/data/Diablo/52.jpg,[-5.315387   2.9852104  2.778816  -0.6346558],5
587,587,../../images/data/Diablo/46.jpg,[-1.2197965   3.2546358   0.85506016  2.9676845 ],5
588,588,../../images/data/Canti_Brachetto/88.jpg,[ 1.2720232  1.3053142 -1.4855266  2.338581 ],6
589,589,../../images/data/Canti_Brachetto/348.jpg,[ 1.4554323   1.185958   -0.58195585  2.530786  ],6
590,590,../../images/data/Canti_Brachetto/62.jpg,[1.9162608 3.3384843 0.2224447 3.3510532],6
591,591,../../images/data/Canti_Brachetto/363.jpg,[ 0.47702876  0.43104684 -1.3958974   1.4362267 ],6
592,592,../../images/data/Canti_Brachetto/389.jpg,[ 0.7457512  0.56065   -1.4732196  2.5394676],6
593,593,../../images/data/Canti_Brachetto/49.jpg,[ 0.7029804  1.0734972 -1.0128367  3.0361238],6
594,594,../../images/data/Canti_Brachetto/71.jpg,[ 1.4837002  0.8359662 -1.7885351  2.5237103],6
595,595,../../images/data/Canti_Brachetto/64.jpg,[ 1.9217452  1.697045  -0.9106793  2.2511168],6
596,596,../../images/data/Canti_Brachetto/8.jpg,[ 1.2947277   0.53482234 -0.6484255   2.1257014 ],6
597,597,../../images/data/Canti_Brachetto/66.jpg,[2.179355   1.4392358  0.69976074 1.5898758 ],6
598,598,../../images/data/Canti_Brachetto/73.jpg,[ 1.4211048  1.1973187 -1.9379492  2.2059608],6
599,599,../../images/data/Canti_Brachetto/29.jpg,[ 0.41719028  1.8604773  -0.15474291  2.500185  ],6
600,600,../../images/data/Canti_Brachetto/300.jpg,[ 1.7288842  0.5948967 -1.6220136  1.4714516],6
601,601,../../images/data/Canti_Brachetto/16.jpg,[-0.4952503  2.5723577  0.8233126  1.025427 ],6
602,602,../../images/data/Canti_Brachetto/113.jpg,[ 0.39688012 -0.2173277  -0.50491697 -0.37205082],6
603,603,../../images/data/Canti_Brachetto/311.jpg,[ 1.5035326  -0.15289174  0.2353869  -0.68530566],6
604,604,../../images/data/Canti_Brachetto/338.jpg,[-0.41068342  1.4703687  -0.8821216   1.3908473 ],6
605,605,../../images/data/Canti_Brachetto/13.jpg,[-1.7041649   2.2671585  -1.401761    0.44198984],6
606,606,../../images/data/Canti_Brachetto/108.jpg,[ 0.9052323  -0.08531534 -1.2645476   3.0281348 ],6
607,607,../../images/data/Canti_Brachetto/256.jpg,[ 0.23028208  1.1226143  -0.8854014   2.0993364 ],6
608,608,../../images/data/Canti_Brachetto/22.jpg,[ 1.6153966  1.6850585 -0.8017152  1.8927583],6
609,609,../../images/data/Canti_Brachetto/335.jpg,[ 0.88523114  0.54399097 -1.1201768   2.2603965 ],6
610,610,../../images/data/Canti_Brachetto/240.jpg,[ 2.1426024  1.8014807 -1.0721381  2.1622732],6
611,611,../../images/data/Canti_Brachetto/293.jpg,[ 1.2441933  1.7272693 -0.6068545  1.4501156],6
612,612,../../images/data/Canti_Brachetto/32.jpg,[ 1.4485687   0.9878558  -0.44526142  2.322392  ],6
613,613,../../images/data/Canti_Brachetto/30.jpg,[ 1.8687398   1.8149801  -0.50472826  0.65379995],6
614,614,../../images/data/Canti_Brachetto/246.jpg,[ 0.54816306  0.53178155 -1.5056136   1.6658734 ],6
615,615,../../images/data/Canti_Brachetto/332.jpg,[ 0.38591102  1.5759271  -0.36993665  1.4406976 ],6
616,616,../../images/data/Canti_Brachetto/4.jpg,[ 1.4006914  1.2315944 -1.7575665  3.232337 ],6
617,617,../../images/data/Canti_Brachetto/143.jpg,[ 1.4318115  0.820125  -0.6677665  2.7088776],6
618,618,../../images/data/Canti_Brachetto/354.jpg,[ 0.6232225   0.11301101 -1.6805638   2.387779  ],6
619,619,../../images/data/Canti_Brachetto/156.jpg,[-4.8763504  1.7259201  1.3714125  3.3677602],6
620,620,../../images/data/Canti_Brachetto/55.jpg,[ 2.2595356  0.6608852 -1.3739564  2.5939684],6
621,621,../../images/data/Canti_Brachetto/7.jpg,[ 0.6847044  1.5909194 -1.6155047  1.1642169],6
622,622,../../images/data/Canti_Brachetto/96.jpg,[ 0.15981127  3.330483   -0.7147245   1.0078391 ],6
623,623,../../images/data/Canti_Brachetto/357.jpg,[-1.6823795  0.9098407  2.4057324  0.4037971],6
624,624,../../images/data/Canti_Brachetto/97.jpg,[-0.08836065  1.3100628  -1.4686085   2.796927  ],6
625,625,../../images/data/Canti_Brachetto/50.jpg,[-1.1355243   1.4164289  -0.44301957  2.47676   ],6
626,626,../../images/data/Canti_Brachetto/3.jpg,[-0.6017308   3.0116954  -0.44169754  1.9822611 ],6
627,627,../../images/data/Canti_Brachetto/185.jpg,[ 1.0261964   0.45830786 -2.0210626   1.8671682 ],6
628,628,../../images/data/Canti_Brachetto/1.jpg,[ 1.1542325  0.8288244 -1.4782515  3.2277174],6
629,629,../../images/data/Canti_Brachetto/85.jpg,[ 0.9888494 -1.0099002  1.8103681 -0.2431782],6
630,630,../../images/data/Canti_Brachetto/52.jpg,[ 0.75578153  1.3083061  -1.1465735   2.326591  ],6
631,631,../../images/data/Canti_Brachetto/0.jpg,[ 1.0538851  1.2946957 -2.1199138  2.8148055],6
632,632,../../images/data/3/77.jpg,[1.2075988 0.5160371 2.7703307 0.8318499],7
633,633,../../images/data/3/89.jpg,[1.3207805 0.6324228 1.7623777 2.3022065],7
634,634,../../images/data/3/76.jpg,[-0.11925064  1.6235555   1.53142     2.9428644 ],7
635,635,../../images/data/3/48.jpg,[-0.28375456  2.2840428   1.0031369   1.405054  ],7
636,636,../../images/data/3/61.jpg,[ 0.8661728  -0.06165801 -1.1155379   0.26036447],7
637,637,../../images/data/3/75.jpg,[-1.2756292   2.6461139  -1.2366772  -0.04652745],7
638,638,../../images/data/3/64.jpg,[-0.3948284  -0.03511964 -2.3501961   1.3777784 ],7
639,639,../../images/data/3/70.jpg,[ 0.41041526  0.859687   -0.7011897   1.1464323 ],7
640,640,../../images/data/3/66.jpg,[-0.6247548  1.8447684  2.2458866 -0.1670384],7
641,641,../../images/data/3/72.jpg,[ 0.2855256   1.915934   -1.1174407   0.54776067],7
642,642,../../images/data/3/99.jpg,[-0.41130778  0.7492808   1.7678566   1.0463766 ],7
643,643,../../images/data/3/9.jpg,[-0.81017756  1.337111    0.28983682  0.886445  ],7
644,644,../../images/data/3/14.jpg,[0.07835253 2.488789   2.3771265  0.6974377 ],7
645,645,../../images/data/3/28.jpg,[ 1.5916241 -1.7819186  1.8110095  2.803099 ],7
646,646,../../images/data/3/15.jpg,[-0.28199002  1.3431834   1.7151458   1.1589679 ],7
647,647,../../images/data/3/17.jpg,[-0.26519242  2.317443   -0.37081683 -1.206143  ],7
648,648,../../images/data/3/16.jpg,[-2.174705   1.7343796  1.2772483  2.883284 ],7
649,649,../../images/data/3/13.jpg,[-2.200163    2.9289079  -0.11169357 -0.09000117],7
650,650,../../images/data/3/39.jpg,[ 1.9602933  -0.84557784 -0.8552646   0.89659745],7
651,651,../../images/data/3/11.jpg,[0.40141   1.8354377 0.787123  2.314794 ],7
652,652,../../images/data/3/38.jpg,[ 0.66351974  2.4332242  -0.19573851  0.43555874],7
653,653,../../images/data/3/21.jpg,[0.55844975 2.271243   0.45962435 1.1756724 ],7
654,654,../../images/data/3/35.jpg,[-0.01512728  2.576508    2.796242    0.29790992],7
655,655,../../images/data/3/36.jpg,[-2.8428314e+00  1.7628058e+00 -6.9637049e-04  2.8899913e+00],7
656,656,../../images/data/3/22.jpg,[-1.0580349  2.6394546  1.1890066 -2.1109138],7
657,657,../../images/data/3/23.jpg,[-0.11825143  2.011619    1.9788151   2.5516315 ],7
658,658,../../images/data/3/33.jpg,[-0.5397086   2.0016754   1.6041851   0.20722882],7
659,659,../../images/data/3/27.jpg,[-0.9599477   3.0431185   0.91448456  0.10875695],7
660,660,../../images/data/3/26.jpg,[0.8780204 1.664584  0.4256832 3.0059605],7
661,661,../../images/data/3/18.jpg,[ 1.3208257   0.15821065 -0.90588456  1.9961077 ],7
662,662,../../images/data/3/24.jpg,[-1.2197144  2.1214113 -0.5339827  1.9688038],7
663,663,../../images/data/3/30.jpg,[-2.1197827  0.8444637 -1.0175815  0.6767923],7
664,664,../../images/data/3/19.jpg,[-1.7315682   2.991041    0.43898255  0.19031756],7
665,665,../../images/data/3/42.jpg,[ 0.29584602  1.5345205  -0.19376893  2.6353753 ],7
666,666,../../images/data/3/4.jpg,[ 1.8036028   1.340794   -0.59915584  0.17097227],7
667,667,../../images/data/3/81.jpg,[-1.7303563   4.648857    0.85521966  1.7766818 ],7
668,668,../../images/data/3/95.jpg,[-2.4942257  1.0883266  1.5020285  1.8035706],7
669,669,../../images/data/3/80.jpg,[1.3879642  3.2139282  0.18865351 1.4524597 ],7
670,670,../../images/data/3/57.jpg,[-0.14571224  1.3871893   0.4288302  -0.159885  ],7
671,671,../../images/data/3/43.jpg,[4.3821147e-01 2.0355470e+00 1.9101808e+00 1.5544208e-03],7
672,672,../../images/data/3/55.jpg,[-0.97582567  0.40525752  0.94765455  1.9396415 ],7
673,673,../../images/data/3/69.jpg,[-0.09797321  1.007236    3.2668946   0.34451598],7
674,674,../../images/data/3/82.jpg,[0.8965218 0.9545096 2.297825  2.3226676],7
675,675,../../images/data/3/68.jpg,[-2.8820088   1.7864801   0.41190654  0.8656894 ],7
676,676,../../images/data/3/78.jpg,[-0.8114675  0.7379378  1.7553082  3.1917915],7
677,677,../../images/data/3/2.jpg,[-1.1315536  2.144956   3.0590892  1.2072572],7
678,678,../../images/data/3/44.jpg,[ 0.65177655  3.3531537   0.82520634 -0.28695732],7
679,679,../../images/data/3/45.jpg,[-1.3336983   0.12836207 -0.6044722   2.1277514 ],7
680,680,../../images/data/3/3.jpg,[-0.6047039  0.7424158  3.3490367  0.7181296],7
681,681,../../images/data/3/47.jpg,[0.01639272 5.2481956  0.9224184  0.1384453 ],7
682,682,../../images/data/3/1.jpg,[ 0.52150714 -0.09884035  0.287108    2.9164276 ],7
683,683,../../images/data/3/84.jpg,[-1.2739674e+00 -1.3375839e+00 -4.9019712e-01  2.2499880e-04],7
684,684,../../images/data/3/91.jpg,[-3.2638826   0.23131956  1.1187704   0.96829075],7
685,685,../../images/data/3/52.jpg,[-0.72464824  1.8480209   2.8201473   0.98438257],7
686,686,../../images/data/3/0.jpg,[0.5320885 2.274057  0.7540088 1.7979246],7
687,687,../../images/data/3/46.jpg,[-0.44397196 -0.07347357 -0.01288886  2.7222576 ],7
688,688,../../images/data/2/77.jpg,[ 0.6324196  -0.40137255 -2.3864446  -0.7459946 ],8
689,689,../../images/data/2/89.jpg,[ 0.6518243   0.89603317  0.20010953 -1.3366162 ],8
690,690,../../images/data/2/76.jpg,[ 1.4669174   1.8273326   0.40446442 -1.6624995 ],8
691,691,../../images/data/2/74.jpg,[ 0.6711005   1.7988287  -0.41043788 -1.2022501 ],8
692,692,../../images/data/2/48.jpg,[ 0.01457395  0.8838886  -1.1444759  -0.6469226 ],8
693,693,../../images/data/2/61.jpg,[ 0.8097945   0.66551936  0.4044853  -1.6754323 ],8
694,694,../../images/data/2/59.jpg,[ 0.8547647  2.505052  -0.8630273 -1.1740762],8
695,695,../../images/data/2/71.jpg,[ 0.11113431  2.1623616  -1.1460223  -1.1229407 ],8
696,696,../../images/data/2/65.jpg,[ 1.4330405   1.0945553   0.15454178 -1.5575837 ],8
697,697,../../images/data/2/64.jpg,[ 0.6710118  1.6846837 -1.19396   -1.4106909],8
698,698,../../images/data/2/58.jpg,[-1.1919372 -0.0053178 -0.6266363  2.731778 ],8
699,699,../../images/data/2/8.jpg,[ 0.35225156  0.89545953 -0.01959617 -1.3659369 ],8
700,700,../../images/data/2/72.jpg,[ 0.99495304  1.5482851   0.43596858 -0.591518  ],8
701,701,../../images/data/2/98.jpg,[ 1.1825461   1.3992618  -0.12217636 -1.0063795 ],8
702,702,../../images/data/2/67.jpg,[-2.3664606  -0.06829678  2.8486066   1.4471781 ],8
703,703,../../images/data/2/14.jpg,[ 0.5629219   2.1873822  -0.73963183 -1.1985756 ],8
704,704,../../images/data/2/28.jpg,[ 1.4920613  1.1811923  0.5184093 -0.5649131],8
705,705,../../images/data/2/29.jpg,[ 0.33580485  1.3395478  -0.40261036 -1.2037936 ],8
706,706,../../images/data/2/17.jpg,[ 1.5891248   1.6386539   0.29763025 -0.7205079 ],8
707,707,../../images/data/2/16.jpg,[ 1.2303821   1.9402274  -0.04464931 -1.4502031 ],8
708,708,../../images/data/2/12.jpg,[ 1.3761568   1.4495476  -0.40379423 -2.3202362 ],8
709,709,../../images/data/2/11.jpg,[ 0.9677726   1.4218508  -0.27565998 -1.744861  ],8
710,710,../../images/data/2/10.jpg,[ 1.701981    2.737482   -0.32554382 -0.2493108 ],8
711,711,../../images/data/2/21.jpg,[ 0.54811895  2.2434762   0.13927965 -0.53861314],8
712,712,../../images/data/2/34.jpg,[ 1.4642216   1.0586067   0.19328146 -1.2274073 ],8
713,713,../../images/data/2/20.jpg,[ 0.904369   1.3210133 -1.7169814 -0.951973 ],8
714,714,../../images/data/2/36.jpg,[ 1.4959437   1.2421762   0.11910623 -1.6287991 ],8
715,715,../../images/data/2/23.jpg,[ 1.7471583   1.7053779   0.67104656 -1.3931061 ],8
716,716,../../images/data/2/37.jpg,[ 0.824299   1.2964765 -1.0819778 -1.3324567],8
717,717,../../images/data/2/33.jpg,[-0.42954937  1.930426    2.3054397   1.6165881 ],8
718,718,../../images/data/2/26.jpg,[-2.0434804  -1.2478448   0.8623889   0.30920523],8
719,719,../../images/data/2/32.jpg,[ 0.6949723  1.6236686  0.4880436 -1.2429415],8
720,720,../../images/data/2/18.jpg,[ 2.5441723  0.8107039  1.1873043 -0.8737038],8
721,721,../../images/data/2/30.jpg,[ 0.7199286   1.7316083  -0.08066124 -0.6313215 ],8
722,722,../../images/data/2/31.jpg,[ 0.9115492   2.5326562   0.22075133 -1.8323828 ],8
723,723,../../images/data/2/25.jpg,[ 0.6839105   1.5243503  -0.73217744 -1.7220701 ],8
724,724,../../images/data/2/42.jpg,[ 1.0562376   0.32147086 -0.6872944  -1.5456029 ],8
725,725,../../images/data/2/4.jpg,[ 1.3591653  2.3494384 -1.048502  -1.3155886],8
726,726,../../images/data/2/56.jpg,[ 1.1180606   2.0453877   0.01793533 -0.46558434],8
727,727,../../images/data/2/94.jpg,[-2.43108     1.4963847   0.24341945 -0.9452093 ],8
728,728,../../images/data/2/80.jpg,[ 1.5842541   1.1047801   0.45756942 -1.1842343 ],8
729,729,../../images/data/2/5.jpg,[ 1.9623421   1.70921     0.16528432 -0.83910316],8
730,730,../../images/data/2/43.jpg,[-1.1483022   0.7989086  -0.2128665  -0.29345852],8
731,731,../../images/data/2/55.jpg,[-0.52639186  1.9806789  -0.7097749  -0.66199666],8
732,732,../../images/data/2/7.jpg,[ 1.7041627  1.1262578  0.3901375 -0.9563201],8
733,733,../../images/data/2/82.jpg,[ 0.70051384  1.8321041  -0.19946094 -1.2033795 ],8
734,734,../../images/data/2/83.jpg,[ 1.2186692   1.9985625   0.24741833 -0.46677524],8
735,735,../../images/data/2/97.jpg,[ 1.0847696   2.2848742  -0.78678006 -0.37613672],8
736,736,../../images/data/2/40.jpg,[ 0.3787916   1.3121094  -0.66818446 -1.7971231 ],8
737,737,../../images/data/2/54.jpg,[ 1.7668725  0.8540565 -1.2096262  0.5924422],8
738,738,../../images/data/2/6.jpg,[ 1.5096459   1.5263051  -1.5356879  -0.93610173],8
739,739,../../images/data/2/2.jpg,[ 1.5293007   1.3879375  -0.18628938 -1.1766409 ],8
740,740,../../images/data/2/50.jpg,[ 0.92239785  1.7153233   0.7650178  -1.1512085 ],8
741,741,../../images/data/2/93.jpg,[-0.35906968  2.0924745  -0.31104726 -1.1088477 ],8
742,742,../../images/data/2/92.jpg,[ 0.62624645  1.4792055   0.23151664 -1.2265342 ],8
743,743,../../images/data/2/45.jpg,[ 0.637469    1.6980559  -0.48202294 -1.2484983 ],8
744,744,../../images/data/2/3.jpg,[ 2.3197412   1.9066976  -0.83777446 -1.4130565 ],8
745,745,../../images/data/2/47.jpg,[ 1.0275302   1.1407319  -0.71142405 -1.09159   ],8
746,746,../../images/data/2/53.jpg,[ 1.932676    1.5262688   0.10973638 -1.426184  ],8
747,747,../../images/data/2/1.jpg,[ 2.6564233  2.2827864 -1.082675  -0.5102139],8
748,748,../../images/data/2/91.jpg,[ 0.6566756   1.0696894  -0.28514045 -1.6377879 ],8
749,749,../../images/data/2/85.jpg,[-0.20600842  1.2610887   0.4706908  -0.6788364 ],8
750,750,../../images/data/2/52.jpg,[ 0.9956943  0.8825462 -0.5010125 -1.762936 ],8
751,751,../../images/data/Canti_Moscato/360.jpg,[-0.89967287  1.839033    0.15535168  2.639486  ],9
752,752,../../images/data/Canti_Moscato/228.jpg,[-1.6451126   2.328687   -0.63174075  2.2981403 ],9
753,753,../../images/data/Canti_Moscato/214.jpg,[-1.001263    2.3492212  -0.61819905  0.74005693],9
754,754,../../images/data/Canti_Moscato/89.jpg,[-0.9354497  1.9806184 -1.3396306  3.1997743],9
755,755,../../images/data/Canti_Moscato/74.jpg,[-1.1981958   2.2232966  -0.46189374  2.5948012 ],9
756,756,../../images/data/Canti_Moscato/203.jpg,[-0.19752906  1.9438809  -1.0293884   2.1587586 ],9
757,757,../../images/data/Canti_Moscato/61.jpg,[-0.49951443  3.2416668  -1.1113281   1.9353274 ],9
758,758,../../images/data/Canti_Moscato/71.jpg,[ 0.07384248  1.9560908   0.42402798 -1.1836139 ],9
759,759,../../images/data/Canti_Moscato/206.jpg,[-0.31043783  0.8633684   0.30537158  0.03394168],9
760,760,../../images/data/Canti_Moscato/207.jpg,[-0.7685882   1.9492048  -0.49099106  1.59684   ],9
761,761,../../images/data/Canti_Moscato/367.jpg,[-1.192269   1.7466108 -1.1890602  1.6992124],9
762,762,../../images/data/Canti_Moscato/8.jpg,[-1.2625861  2.2748356 -0.8261618  2.0533686],9
763,763,../../images/data/Canti_Moscato/99.jpg,[-0.92215383  1.8767136  -0.11008877  2.2395656 ],9
764,764,../../images/data/Canti_Moscato/371.jpg,[-1.565347    1.2367061  -0.63210624  1.7136201 ],9
765,765,../../images/data/Canti_Moscato/73.jpg,[-0.09736954  2.3922696  -0.07938022  1.9190625 ],9
766,766,../../images/data/Canti_Moscato/14.jpg,[-0.42881665  0.5064672  -1.6439717   2.4743195 ],9
767,767,../../images/data/Canti_Moscato/317.jpg,[-0.60872626  1.5665792  -1.4416165   1.481206  ],9
768,768,../../images/data/Canti_Moscato/262.jpg,[-2.0239532 -1.5727469  1.9491978  2.5747027],9
769,769,../../images/data/Canti_Moscato/100.jpg,[-1.5922598   0.03626288 -0.6188969   5.34572   ],9
770,770,../../images/data/Canti_Moscato/15.jpg,[-0.99862885  2.4551878  -0.814805    3.145423  ],9
771,771,../../images/data/Canti_Moscato/17.jpg,[ 0.43885937  0.4394096  -1.4592719   1.473997  ],9
772,772,../../images/data/Canti_Moscato/249.jpg,[-0.79437256  0.6624254  -0.20831938  1.3381552 ],9
773,773,../../images/data/Canti_Moscato/16.jpg,[-1.1143101  2.23208   -1.395123   2.038261 ],9
774,774,../../images/data/Canti_Moscato/12.jpg,[-1.2875025   2.0511713  -0.51639026  2.0475998 ],9
775,775,../../images/data/Canti_Moscato/264.jpg,[ 0.78600204  1.9271983  -0.23145147  1.4913887 ],9
776,776,../../images/data/Canti_Moscato/310.jpg,[-1.021005    2.3119893  -0.18324395  2.070938  ],9
777,777,../../images/data/Canti_Moscato/106.jpg,[-1.3865281   2.4956121  -0.6633579   0.93111604],9
778,778,../../images/data/Canti_Moscato/104.jpg,[-1.3340341  0.7034496  1.7665823 -0.344621 ],9
779,779,../../images/data/Canti_Moscato/267.jpg,[-1.0010056   2.228675   -0.03471298  1.9811293 ],9
780,780,../../images/data/Canti_Moscato/139.jpg,[-0.89516056  1.52464    -0.5760941   2.4383516 ],9
781,781,../../images/data/Canti_Moscato/105.jpg,[-1.7890253   2.0219483  -0.70396274  2.4582062 ],9
782,782,../../images/data/Canti_Moscato/10.jpg,[-0.6284746  1.7138771 -1.2131559  2.444011 ],9
783,783,../../images/data/Canti_Moscato/38.jpg,[-0.9040525   2.3479252  -0.59361666  3.2949    ],9
784,784,../../images/data/Canti_Moscato/134.jpg,[-0.7377881   1.5806526   1.0290263  -0.06658728],9
785,785,../../images/data/Canti_Moscato/322.jpg,[-1.6230717   1.9751185  -0.08776397  0.7399301 ],9
786,786,../../images/data/Canti_Moscato/34.jpg,[-1.0575993  1.4136835 -0.5885202  1.7911581],9
787,787,../../images/data/Canti_Moscato/269.jpg,[-0.13615309  1.573224   -1.7207322   2.8685038 ],9
788,788,../../images/data/Canti_Moscato/122.jpg,[-1.5145727   1.9303509  -0.48659736  1.962952  ],9
789,789,../../images/data/Canti_Moscato/23.jpg,[-1.1355243   1.4164289  -0.44301957  2.47676   ],9
790,790,../../images/data/Canti_Moscato/27.jpg,[-1.3857338  1.5336031 -1.012764   2.0866685],9
791,791,../../images/data/Canti_Moscato/287.jpg,[ 3.903144    0.6685612  -2.1059241   0.90064496],9
792,792,../../images/data/Canti_Moscato/133.jpg,[-0.4321426  1.8965076 -0.305592   1.4185702],9
793,793,../../images/data/Canti_Moscato/18.jpg,[-1.571381   -0.6501893   0.72239166  3.1059303 ],9
794,794,../../images/data/Canti_Moscato/247.jpg,[-1.4432001  1.078216  -0.9905905  1.9295529],9
795,795,../../images/data/Canti_Moscato/332.jpg,[-0.23700128  1.8247975  -0.66716844  1.8685232 ],9
796,796,../../images/data/Canti_Moscato/25.jpg,[-1.4637069   1.8963553  -0.38536137  2.0106668 ],9
797,797,../../images/data/Canti_Moscato/19.jpg,[-2.8564034   1.5710214   0.29351312  0.17324822],9
798,798,../../images/data/Canti_Moscato/382.jpg,[-0.36046788  1.8080283  -0.4150464   1.9468691 ],9
799,799,../../images/data/Canti_Moscato/341.jpg,[-0.03809617  2.2308507  -0.4574135   2.0408258 ],9
800,800,../../images/data/Canti_Moscato/234.jpg,[-1.2551843  1.7434248 -1.0674713  2.36631  ],9
801,801,../../images/data/Canti_Moscato/94.jpg,[-0.94327116  2.0777304  -0.14646502  1.620176  ],9
802,802,../../images/data/Canti_Moscato/43.jpg,[-1.3416095  1.8647193 -1.0482986  1.570517 ],9
803,803,../../images/data/Canti_Moscato/7.jpg,[-1.0390643  1.74343   -0.7342846  2.869897 ],9
804,804,../../images/data/Canti_Moscato/41.jpg,[-0.4853755   1.6114999  -0.37336057  2.234981  ],9
805,805,../../images/data/Canti_Moscato/82.jpg,[-0.52114654  1.7566937  -0.37759465  1.9316176 ],9
806,806,../../images/data/Canti_Moscato/140.jpg,[-0.69594395  1.8228868  -0.4086792   2.3284254 ],9
807,807,../../images/data/Canti_Moscato/222.jpg,[-0.6128528   1.625295   -0.24921365  2.3496037 ],9
808,808,../../images/data/Canti_Moscato/394.jpg,[-1.2160951   2.0402427  -0.80892175  1.9433593 ],9
809,809,../../images/data/Canti_Moscato/68.jpg,[-0.9376613   2.2746859  -0.16915365  1.6897248 ],9
810,810,../../images/data/Canti_Moscato/6.jpg,[-1.4550303  2.571065  -0.9334473  2.3864303],9
811,811,../../images/data/Canti_Moscato/50.jpg,[-0.8487905  1.1910146 -1.3785937  1.4206556],9
812,812,../../images/data/Canti_Moscato/145.jpg,[-0.6481997  1.7290821 -0.7766083  2.574058 ],9
813,813,../../images/data/Canti_Moscato/353.jpg,[0.8720808 1.7396544 1.0380282 3.7885666],9
814,814,../../images/data/Canti_Moscato/385.jpg,[-1.3334706  1.6457618 -0.8146457  2.211428 ],9
815,815,../../images/data/Canti_Moscato/391.jpg,[-0.96092296  2.0632763  -0.3237551   1.5656658 ],9
816,816,../../images/data/Canti_Moscato/1.jpg,[-0.7322595   1.5156149  -0.13111396  1.742236  ],9
817,817,../../images/data/Canti_Moscato/225.jpg,[-0.3942434   2.0227895  -0.72148913  1.5029753 ],9
818,818,../../images/data/Canti_Moscato/386.jpg,[ 1.8939842 -2.8617895  1.7888727  2.775525 ],9
819,819,../../images/data/Canti_Moscato/85.jpg,[-2.3907917  1.7469488  1.1169375  2.3198297],9
820,820,../../images/data/Canti_Moscato/46.jpg,[4.011899  0.7895733 1.8925195 1.6611232],9
821,821,../../images/data/1865/63.jpg,[-0.4061354  -0.73073065  0.3023327   0.43682367],0
822,822,../../images/data/1865/176.jpg,[-0.34217235 -0.49760497  1.0570815  -0.10153777],0
823,823,../../images/data/1865/374.jpg,[-0.07009755 -0.25859272  0.79265386  0.13321583],0
824,824,../../images/data/1865/201.jpg,[ 0.14082982 -1.0263976   0.41833717  0.21310465],0
825,825,../../images/data/1865/361.jpg,[-0.3023627  -0.24548994  0.57738775  0.5244654 ],0
826,826,../../images/data/1865/163.jpg,[ 0.4869583  -0.34151208  0.9648028   1.1743859 ],0
827,827,../../images/data/1865/74.jpg,[ 1.1039149  -1.4609969   0.29883987  2.7140217 ],0
828,828,../../images/data/1865/175.jpg,[-0.79396105  0.37287414  1.3279309   0.9190449 ],0
829,829,../../images/data/1865/363.jpg,[-0.8804685  -0.49728453  1.1531541   1.2674202 ],0
830,830,../../images/data/1865/202.jpg,[-0.1102448 -0.8179275  1.1136489  0.8748178],0
831,831,../../images/data/1865/160.jpg,[-0.9404708 -0.1541935  0.8675354  0.7877111],0
832,832,../../images/data/1865/61.jpg,[-0.6467359  -1.1794281   0.9025138  -0.15025099],0
833,833,../../images/data/1865/65.jpg,[ 0.2769169  -0.11456072 -0.5159609  -2.369143  ],0
834,834,../../images/data/1865/399.jpg,[-1.3623917  -0.15313254  0.8806823   0.76506466],0
835,835,../../images/data/1865/212.jpg,[-1.1820289  -0.6742934   0.24702744  0.8797824 ],0
836,836,../../images/data/1865/373.jpg,[-1.8712251  -0.8845211  -0.00406666  2.259276  ],0
837,837,../../images/data/1865/171.jpg,[-1.0050983 -0.2819699  1.3209705  0.8234281],0
838,838,../../images/data/1865/8.jpg,[ 0.28324607 -1.0118299   0.8958681   0.25478452],0
839,839,../../images/data/1865/167.jpg,[-0.8484814 -1.4678798  0.7782802  1.3436297],0
840,840,../../images/data/1865/371.jpg,[-0.22000103 -0.2799512   0.784855   -0.07132108],0
841,841,../../images/data/1865/239.jpg,[-0.9090549  -0.09405529  0.84288865  0.9001507 ],0
842,842,../../images/data/1865/358.jpg,[-1.8590229  -1.0888757   2.318618   -0.10839326],0
843,843,../../images/data/1865/166.jpg,[-0.5762285 -0.7639364  1.0427933  1.295587 ],0
844,844,../../images/data/1865/67.jpg,[-0.2133932  -0.37994897  0.91901165  0.48097557],0
845,845,../../images/data/1865/129.jpg,[-0.8936453  -0.6727747   0.12052541  0.60854214],0
846,846,../../images/data/1865/317.jpg,[-0.52082044 -0.8555747   0.6666798   0.515871  ],0
847,847,../../images/data/1865/262.jpg,[-3.488494    4.2579513   0.7465766   0.10853117],0
848,848,../../images/data/1865/302.jpg,[-0.7301371  -1.074761    0.09929305  0.85597605],0
849,849,../../images/data/1865/29.jpg,[-0.4182273  -0.5803715   1.0532949   0.24658291],0
850,850,../../images/data/1865/102.jpg,[2.5674157  0.87059796 0.16769461 1.4578702 ],0
851,851,../../images/data/1865/248.jpg,[ 0.13969369 -0.39695227  0.52171534  0.44109625],0
852,852,../../images/data/1865/261.jpg,[-0.36825308 -0.29870832  1.5041623   0.257101  ],0
853,853,../../images/data/1865/329.jpg,[-0.22899209 -0.31449926  0.80602914  0.8208291 ],0
854,854,../../images/data/1865/12.jpg,[-0.9593042   0.12991036  0.15468578 -0.42770964],0
855,855,../../images/data/1865/305.jpg,[-1.8538189   2.077773   -0.6086959   0.62958854],0
856,856,../../images/data/1865/259.jpg,[ 0.09008344 -1.3806638   0.55773145  0.7977204 ],0
857,857,../../images/data/1865/338.jpg,[-0.19799064 -0.47671807  1.0782549   0.0084862 ],0
858,858,../../images/data/1865/112.jpg,[ 0.02211662 -0.99529755  1.0187144   1.058544  ],0
859,859,../../images/data/1865/104.jpg,[-1.3031846  -0.63433826  0.7386609   0.7325756 ],0
860,860,../../images/data/1865/312.jpg,[-0.1549872 -0.9264595  0.462735   0.9875285],0
861,861,../../images/data/1865/267.jpg,[-0.3678008  -0.8284451   1.210777    0.50496143],0
862,862,../../images/data/1865/307.jpg,[ 0.36920193 -0.11705624  2.413148    0.82806724],0
863,863,../../images/data/1865/10.jpg,[-0.94825923 -0.8380269   1.151342    1.0104016 ],0
864,864,../../images/data/1865/108.jpg,[ 0.04107089 -0.6741314   1.4718788   0.824619  ],0
865,865,../../images/data/1865/336.jpg,[-0.90406656 -0.5739156   1.6761239   0.31490105],0
866,866,../../images/data/1865/242.jpg,[-1.0401388  -0.19528852  0.57564694  0.37373298],0
867,867,../../images/data/1865/294.jpg,[-1.544448   -1.2002066   0.30299896  0.50640935],0
868,868,../../images/data/1865/121.jpg,[-0.90383327  0.3050431   1.4330466   0.55151767],0
869,869,../../images/data/1865/36.jpg,[-0.3496252  -0.85790026  1.0301187  -0.19598205],0
870,870,../../images/data/1865/309.jpg,[-0.72322273 -0.727481    0.46448237  0.12925427],0
871,871,../../images/data/1865/296.jpg,[-0.18524693 -0.03378354 -0.5381989   1.0274812 ],0
872,872,../../images/data/1865/254.jpg,[-0.35893008 -0.01482498  0.93981534  0.28143877],0
873,873,../../images/data/1865/283.jpg,[1.1987565  0.16582985 0.890981   0.2018799 ],0
874,874,../../images/data/1865/122.jpg,[-0.29243502 -0.47152555  1.1181204   0.4445489 ],0
875,875,../../images/data/1865/33.jpg,[-0.3234906  -0.83600104  0.99690753  0.42726558],0
876,876,../../images/data/1865/330.jpg,[-0.35796282 -0.81253636  0.59678024  0.1716687 ],0
877,877,../../images/data/1865/293.jpg,[-5.9225407  -1.1235628   0.01431184 -0.38835472],0
878,878,../../images/data/1865/279.jpg,[-0.2319163  -0.7608868   1.7151272   0.08946937],0
879,879,../../images/data/1865/286.jpg,[-0.96138835 -0.5256885   1.0248315   0.16744892],0
880,880,../../images/data/1865/127.jpg,[-0.989076   3.9428535  0.8845051  1.3327054],0
881,881,../../images/data/1865/18.jpg,[ 0.37916687  1.46849     2.3074136  -0.9721847 ],0
882,882,../../images/data/1865/131.jpg,[ 0.3961949  -0.6023778   0.38512737  0.67011607],0
883,883,../../images/data/1865/290.jpg,[-0.26066837 -0.22118531  1.2654979   0.93169564],0
884,884,../../images/data/1865/246.jpg,[ 0.16409196  0.20694102 -0.30129975  0.26150864],0
885,885,../../images/data/1865/332.jpg,[-0.74636805 -0.48734272  1.6053202  -0.29814583],0
886,886,../../images/data/1865/124.jpg,[1.2679024  0.95202386 1.9071138  1.7695459 ],0
887,887,../../images/data/1865/42.jpg,[ 3.006137   -2.680317    1.2588935   0.04477232],0
888,888,../../images/data/1865/194.jpg,[-1.047532   -0.2896911   1.5451481   0.14772551],0
889,889,../../images/data/1865/157.jpg,[-0.5397898  -0.52034676  0.9954063   1.1760606 ],0
890,890,../../images/data/1865/341.jpg,[-0.01164673  0.19952025  0.01124721  0.5129613 ],0
891,891,../../images/data/1865/221.jpg,[-1.3802258  -0.83245087  1.5804491   0.4439913 ],0
892,892,../../images/data/1865/354.jpg,[-1.2322044  -0.08227812  0.6277743   0.71381706],0
893,893,../../images/data/1865/383.jpg,[-0.6621419  -0.3378471   1.2025268   0.13754408],0
894,894,../../images/data/1865/80.jpg,[-0.6306752  -1.1207074   0.7856664   0.17420761],0
895,895,../../images/data/1865/57.jpg,[-0.8324814 -1.0415543  1.4389021  0.7598185],0
896,896,../../images/data/1865/41.jpg,[-0.2809759  -0.99468386  1.345067    0.45779794],0
897,897,../../images/data/1865/96.jpg,[ 0.19400372 -0.23107229  1.0083935   0.17812173],0
898,898,../../images/data/1865/140.jpg,[-0.942999  -1.2894427  1.5545489 -1.7978417],0
899,899,../../images/data/1865/342.jpg,[-0.39417037 -0.6996919   0.6594047   0.24236529],0
900,900,../../images/data/1865/223.jpg,[-1.1801585  -0.02136885  1.1621101   0.304002  ],0
901,901,../../images/data/1865/394.jpg,[-2.1427312   0.29579365  5.1389604  -1.262457  ],0
902,902,../../images/data/1865/97.jpg,[-0.45993152 -0.60352194  0.61227506  0.46916717],0
903,903,../../images/data/1865/196.jpg,[-0.18104695 -1.5855895   0.9363099   0.28584105],0
904,904,../../images/data/1865/192.jpg,[-0.5886123 -1.0578657  1.4856386  0.5165557],0
905,905,../../images/data/1865/50.jpg,[-0.31757674 -0.7435099   0.40457112  0.10958713],0
906,906,../../images/data/1865/93.jpg,[-0.8199396   0.01863803  0.14441161  0.1458172 ],0
907,907,../../images/data/1865/384.jpg,[-0.3241727 -1.0651873  0.3786009  0.1610245],0
908,908,../../images/data/1865/233.jpg,[-0.6454239  -0.36209548  0.68900806  0.16162102],0
909,909,../../images/data/1865/352.jpg,[-0.2940825  -1.067526    0.65935093  0.4909758 ],0
910,910,../../images/data/1865/178.jpg,[-0.699095    0.21276988  1.3344456   0.20283882],0
911,911,../../images/data/1865/45.jpg,[-1.1933013  -0.46022737  1.0984727  -0.00508077],0
912,912,../../images/data/1865/187.jpg,[-0.1608852  -0.29615557  1.3685095   0.07323926],0
913,913,../../images/data/1865/47.jpg,[-0.6130085  -0.9305674   1.0506978  -0.16876276],0
914,914,../../images/data/1865/152.jpg,[-0.3848234  -0.8564011   1.8129368  -0.06753165],0
915,915,../../images/data/1865/393.jpg,[-0.5251774 -1.1407406  0.6786254  0.9820003],0
916,916,../../images/data/1865/230.jpg,[-1.1141547   0.33379996  0.63272125 -0.17915262],0
917,917,../../images/data/1865/225.jpg,[-1.0976675  -0.21505176  0.65042645 -0.21607788],0
918,918,../../images/data/1865/345.jpg,[-0.8198501 -1.0677716  1.579308   0.3914122],0
919,919,../../images/data/1865/85.jpg,[ 0.79140097 -0.0478388   1.0416542  -0.21769293],0
920,920,../../images/data/1865/0.jpg,[-0.80297196 -0.73206675  0.15016417  1.1658958 ],0
921,921,../../images/data/g7/162.jpg,[1.3486854  0.30107462 1.9667916  4.5295863 ],1
922,922,../../images/data/g7/89.jpg,[-0.0260496 -1.5238802  3.3039186 -1.1936332],1
923,923,../../images/data/g7/48.jpg,[0.42111054 0.6582595  1.9325194  2.9587145 ],1
924,924,../../images/data/g7/59.jpg,[-2.522978   0.5609745  0.8792107  1.4980353],1
925,925,../../images/data/g7/70.jpg,[-2.3553557  3.3793278  0.8136361 -0.512754 ],1
926,926,../../images/data/g7/172.jpg,[-2.6043851  1.990986   0.7110048  2.0048683],1
927,927,../../images/data/g7/276.jpg,[-0.31659183  3.8857434   4.6856904  -0.38707024],1
928,928,../../images/data/g7/15.jpg,[-0.1560912   1.025161    0.40352398  4.0220866 ],1
929,929,../../images/data/g7/275.jpg,[-0.5557679 -1.8545196 -1.8115063  2.4122713],1
930,930,../../images/data/g7/16.jpg,[-0.7084963 -2.8247344 -1.3246987  2.9721951],1
931,931,../../images/data/g7/104.jpg,[-0.92588437  0.83828914 -2.4741838   2.4943342 ],1
932,932,../../images/data/g7/21.jpg,[-0.20987903 -0.988237    4.7184825   2.5115008 ],1
933,933,../../images/data/g7/337.jpg,[ 0.66516924  1.2627879  -0.8775987   1.6236566 ],1
934,934,../../images/data/g7/20.jpg,[ 0.207348   3.0098586 -0.3496279 -0.2667995],1
935,935,../../images/data/g7/268.jpg,[ 0.8651092 -0.6370448  0.8856562 -0.8030372],1
936,936,../../images/data/g7/33.jpg,[-0.0356264   0.99638855  1.933861    2.286174  ],1
937,937,../../images/data/g7/319.jpg,[ 1.5517682 -1.6512793 -1.1595658 -1.3072869],1
938,938,../../images/data/g7/24.jpg,[-2.3542333   0.71545064  1.7639815   1.8830913 ],1
939,939,../../images/data/g7/130.jpg,[-0.46941075  0.5572928  -0.19714423  6.3162985 ],1
940,940,../../images/data/g7/5.jpg,[ 0.5641935  1.1132969  1.0696795 -1.429448 ],1
941,941,../../images/data/g7/69.jpg,[-0.11848406 -0.10081588 -1.0771295  -0.6268142 ],1
942,942,../../images/data/g7/97.jpg,[-1.211601   1.1671404 -2.978099  -1.5755395],1
943,943,../../images/data/g7/78.jpg,[ 0.33908108  1.1837136  -0.4162913  -1.328085  ],1
944,944,../../images/data/g7/151.jpg,[2.3301725 3.0398402 0.9135025 1.3955914],1
945,945,../../images/data/g7/92.jpg,[ 0.84173477 -3.6937618   0.7430807   0.47652668],1
946,946,../../images/data/g7/187.jpg,[ 1.5049982  1.8629483  1.503424  -0.4751231],1
947,947,../../images/data/g7/231.jpg,[-0.8444566  -0.59931505 -0.02082581  3.4603167 ],1
948,948,../../images/data/g7/46.jpg,[ 0.5485542  -1.7302577   2.0561674  -0.38789684],1
949,949,../../images/data/Barton/77.jpg,[-2.54803     3.0567985  -0.11362285  1.0237211 ],2
950,950,../../images/data/Barton/48.jpg,[-2.5622344   1.2391781   0.05098872  1.1681126 ],2
951,951,../../images/data/Barton/71.jpg,[-4.085123    0.12274802  1.2858816   1.5150157 ],2
952,952,../../images/data/Barton/8.jpg,[-1.1809826  2.972177  -0.9220814  1.2589549],2
953,953,../../images/data/Barton/67.jpg,[-2.5114903  0.9152292  1.7675505  1.4877237],2
954,954,../../images/data/Barton/17.jpg,[-0.70189404  0.566928   -0.16068597 -2.0650277 ],2
955,955,../../images/data/Barton/11.jpg,[-1.8594775   0.28716314 -1.5887899   0.21756546],2
956,956,../../images/data/Barton/34.jpg,[-1.1580042   1.4290193   1.5391241  -0.17760427],2
957,957,../../images/data/Barton/32.jpg,[-2.8434248  -0.00953947  0.5663182   2.2001972 ],2
958,958,../../images/data/Barton/19.jpg,[0.1032768 2.0347743 1.5673463 1.1321887],2
959,959,../../images/data/Barton/81.jpg,[-1.4528039   0.6771332  -0.21200223 -1.1381544 ],2
960,960,../../images/data/Barton/43.jpg,[-4.2722416  1.8313411  2.0431178  1.8255917],2
961,961,../../images/data/Barton/54.jpg,[-2.3848743 -0.3915943 -1.5138961 -0.8374639],2
962,962,../../images/data/Barton/87.jpg,[-2.245428    1.4169906   0.38631612  2.5269833 ],2
963,963,../../images/data/Barton/90.jpg,[-0.58861256  0.82287776 -0.5613374   3.5961623 ],2
964,964,../../images/data/Barton/46.jpg,[-3.0289218  -0.56823385  0.31222433  2.210074  ],2
965,965,../../images/data/Montes_Alpha/63.jpg,[ 1.8814266  1.5074438 -0.5998277  0.7095749],3
966,966,../../images/data/Montes_Alpha/76.jpg,[-1.4592823  1.1859962  1.7393807  1.1959695],3
967,967,../../images/data/Montes_Alpha/48.jpg,[-1.5320395   2.8304768   0.54162556 -0.25207335],3
968,968,../../images/data/Montes_Alpha/71.jpg,[-2.840445    2.4677227  -1.8218751  -0.93779474],3
969,969,../../images/data/Montes_Alpha/70.jpg,[0.43318895 0.33720362 0.7306572  0.17458336],3
970,970,../../images/data/Montes_Alpha/99.jpg,[0.05781795 2.5692167  1.686018   1.1163357 ],3
971,971,../../images/data/Montes_Alpha/28.jpg,[-0.3730307   0.6572026  -1.6440082  -0.48270828],3
972,972,../../images/data/Montes_Alpha/16.jpg,[ 0.00345786  2.3208714   0.59306985 -2.535417  ],3
973,973,../../images/data/Montes_Alpha/11.jpg,[-0.1296706  2.386417   0.8852132 -1.3295683],3
974,974,../../images/data/Montes_Alpha/35.jpg,[-0.19799314  0.16195907 -1.3443165   2.8743687 ],3
975,975,../../images/data/Montes_Alpha/22.jpg,[-3.224618   -0.8384503  -1.1202595  -0.11671812],3
976,976,../../images/data/Montes_Alpha/26.jpg,[ 0.7471007  1.0332173 -1.2824993  2.0005362],3
977,977,../../images/data/Montes_Alpha/25.jpg,[-0.01278041 -1.8148667   1.9569824  -1.3068765 ],3
978,978,../../images/data/Montes_Alpha/56.jpg,[-2.2679996   0.52938616  2.607558    2.0429776 ],3
979,979,../../images/data/Montes_Alpha/80.jpg,[-2.909501   1.6217588 -1.6424546 -1.3306178],3
980,980,../../images/data/Montes_Alpha/55.jpg,[ 0.5908431  -0.65842843  0.02725153 -2.1565626 ],3
981,981,../../images/data/Montes_Alpha/96.jpg,[ 1.810592    2.0134504   0.16312699 -2.5836506 ],3
982,982,../../images/data/Montes_Alpha/40.jpg,[-0.14343975 -1.0680264  -0.6675908   2.8580315 ],3
983,983,../../images/data/Montes_Alpha/2.jpg,[ 1.6226399  -0.12855206 -0.5586135  -0.41930586],3
984,984,../../images/data/Montes_Alpha/87.jpg,[-3.7857842 -0.775586  -1.8038368 -3.4455733],3
985,985,../../images/data/Montes_Alpha/3.jpg,[-1.8173777  1.8230957  0.7677675 -1.0524184],3
986,986,../../images/data/Montes_Alpha/53.jpg,[ 1.032596    1.1068326   1.4021297  -0.55990964],3
987,987,../../images/data/Montes_Alpha/85.jpg,[ 1.2975949   1.908141   -0.09929413 -0.38259512],3
988,988,../../images/data/1/77.jpg,[-0.33787498 -0.65718734  0.6654958   3.9631612 ],4
989,989,../../images/data/1/75.jpg,[ 0.0606351  -0.60740864  0.9695621   4.207738  ],4
990,990,../../images/data/1/98.jpg,[0.89876133 0.3103882  1.445224   3.7778838 ],4
991,991,../../images/data/1/28.jpg,[ 0.41890183 -0.6251601   1.7375696   3.8970504 ],4
992,992,../../images/data/1/13.jpg,[ 1.1324295 -1.0517989  0.9611977  5.1474805],4
993,993,../../images/data/1/38.jpg,[-0.31636044  0.9084281  -1.0916488   4.0913205 ],4
994,994,../../images/data/1/36.jpg,[-1.4620246 -0.8958646  2.450728   3.2321863],4
995,995,../../images/data/1/27.jpg,[-1.2598388   0.94525564 -1.319681    2.5410395 ],4
996,996,../../images/data/1/24.jpg,[ 0.3565432 -2.6306458  1.3450987  3.7872736],4
997,997,../../images/data/1/19.jpg,[-1.2684902  -0.3891164  -0.29911584  3.207191  ],4
998,998,../../images/data/1/95.jpg,[ 0.5901724  -0.52333415  1.3416975   3.442299  ],4
999,999,../../images/data/1/7.jpg,[-0.11485015 -2.048697    0.8087328   4.6525846 ],4
1000,1000,../../images/data/1/68.jpg,[ 1.3334179  -0.7288302  -0.04391344  3.5705886 ],4
1001,1001,../../images/data/1/2.jpg,[-0.9314003   0.331365   -0.22068925  4.0997334 ],4
1002,1002,../../images/data/1/3.jpg,[-2.1906278   0.18415822 -0.03569693  3.64461   ],4
1003,1003,../../images/data/1/91.jpg,[ 0.76779175 -0.95367134  0.55799156  4.0127716 ],4
1004,1004,../../images/data/Diablo/77.jpg,[-2.2261276   3.3453841   3.2421033   0.84255356],5
1005,1005,../../images/data/Diablo/48.jpg,[-0.02435247  1.7295078   1.3507891   2.4953737 ],5
1006,1006,../../images/data/Diablo/71.jpg,[-1.2482411  1.3886913  1.5567725 -0.7127405],5
1007,1007,../../images/data/Diablo/99.jpg,[-1.6446173  -0.59300303  5.948208   -0.76159364],5
1008,1008,../../images/data/Diablo/28.jpg,[-3.2191057  2.1305616  0.6083506 -1.277927 ],5
1009,1009,../../images/data/Diablo/13.jpg,[-0.7792217  2.9650126  2.0037148 -2.705802 ],5
1010,1010,../../images/data/Diablo/35.jpg,[-0.34291652 -3.58636    -1.0370353   1.8989571 ],5
1011,1011,../../images/data/Diablo/23.jpg,[-1.4291028  -1.3162345   2.1895769  -0.61402684],5
1012,1012,../../images/data/Diablo/18.jpg,[0.85320926 2.4955497  1.0150073  0.8904137 ],5
1013,1013,../../images/data/Diablo/4.jpg,[-1.2777935  -0.47547925 -1.7433095   0.3334393 ],5
1014,1014,../../images/data/Diablo/55.jpg,[-1.5203534  1.1572639  1.3152187  0.6310677],5
1015,1015,../../images/data/Diablo/97.jpg,[-1.5343145  -0.00833904  1.3192887   3.6510305 ],5
1016,1016,../../images/data/Diablo/2.jpg,[-1.107444    3.7712584   0.8086212  -0.19116695],5
1017,1017,../../images/data/Diablo/47.jpg,[-1.0597085  -0.46094143 -0.8532812  -3.6472344 ],5
1018,1018,../../images/data/Diablo/90.jpg,[ 1.2668334  1.1350263  1.1243794 -2.858586 ],5
1019,1019,../../images/data/Diablo/0.jpg,[-3.8790035  -0.19788466 -2.360482    0.57207054],5
1020,1020,../../images/data/Canti_Brachetto/77.jpg,[ 0.36135432  0.7833456  -1.2512658   2.8903556 ],6
1021,1021,../../images/data/Canti_Brachetto/60.jpg,[ 0.8674983   0.05444564 -1.8176187   2.1791468 ],6
1022,1022,../../images/data/Canti_Brachetto/59.jpg,[2.2354217e+00 1.1726974e+00 8.3713781e-04 9.5360178e-01],6
1023,1023,../../images/data/Canti_Brachetto/58.jpg,[ 0.1088195  -0.88346064 -0.29896826  0.43587965],6
1024,1024,../../images/data/Canti_Brachetto/9.jpg,[ 0.68040705  1.0681814  -1.5935385   2.3847494 ],6
1025,1025,../../images/data/Canti_Brachetto/12.jpg,[ 1.0148696   0.65706384 -0.79202026  1.5368098 ],6
1026,1026,../../images/data/Canti_Brachetto/112.jpg,[ 1.6253113  1.4730521 -1.9209188  2.8502007],6
1027,1027,../../images/data/Canti_Brachetto/337.jpg,[ 1.1295067   0.96859586 -0.735616    2.5590897 ],6
1028,1028,../../images/data/Canti_Brachetto/283.jpg,[ 1.2962039  0.8275353 -1.4587833  2.2512667],6
1029,1029,../../images/data/Canti_Brachetto/125.jpg,[ 1.2849404  1.1668476 -1.5816715  2.9622998],6
1030,1030,../../images/data/Canti_Brachetto/95.jpg,[ 0.6648953   0.25345623 -1.5621305   1.754485  ],6
1031,1031,../../images/data/Canti_Brachetto/5.jpg,[ 1.3809081   0.35939562 -1.494137    2.496588  ],6
1032,1032,../../images/data/Canti_Brachetto/154.jpg,[ 0.77996397  1.0696594  -1.2351358   1.9795097 ],6
1033,1033,../../images/data/Canti_Brachetto/346.jpg,[ 1.3474697   0.48297155 -1.5183947   1.6253551 ],6
1034,1034,../../images/data/Canti_Brachetto/90.jpg,[ 0.3260593  1.5125333 -1.2699435  1.1879874],6
1035,1035,../../images/data/3/63.jpg,[-2.6764162  2.8831048 -1.0784633  1.4799284],7
1036,1036,../../images/data/3/62.jpg,[1.3840431  0.76907957 1.3950624  0.89104646],7
1037,1037,../../images/data/3/59.jpg,[-1.6879941   2.7094843   1.785897   -0.13060708],7
1038,1038,../../images/data/3/8.jpg,[-1.5273702  1.204456  -0.7246646  0.2081012],7
1039,1039,../../images/data/3/73.jpg,[-2.0186625   2.730104    0.8778997  -0.19612654],7
1040,1040,../../images/data/3/29.jpg,[-1.1908851  -1.9676265  -0.42267436  1.4011656 ],7
1041,1041,../../images/data/3/12.jpg,[0.72004586 0.67701197 1.8403578  1.3549653 ],7
1042,1042,../../images/data/3/10.jpg,[-1.710205   2.1901236  3.0577416 -0.604067 ],7
1043,1043,../../images/data/3/34.jpg,[1.7088679 0.6350912 1.883837  0.6566052],7
1044,1044,../../images/data/3/37.jpg,[-2.0447927  -1.5712929  -1.8996469  -0.24524315],7
1045,1045,../../images/data/3/32.jpg,[ 1.1404879  -0.05640398  2.3280923   0.6623592 ],7
1046,1046,../../images/data/3/25.jpg,[-0.20086716 -1.7835711  -0.69971555  0.1363434 ],7
1047,1047,../../images/data/3/56.jpg,[-2.664596   1.3005365 -3.71547   -1.6260806],7
1048,1048,../../images/data/3/5.jpg,[-0.768502   0.3707589  2.8400538  3.3069909],7
1049,1049,../../images/data/3/41.jpg,[-1.506118   1.6447638  2.4152343 -0.5660272],7
1050,1050,../../images/data/3/40.jpg,[-2.0736187  1.6761886  1.1396735  2.5722513],7
1051,1051,../../images/data/3/86.jpg,[0.6124631 1.09715   2.2502387 2.5359674],7
1052,1052,../../images/data/3/53.jpg,[-0.16503166  1.5293821   0.9375747   3.8182178 ],7
1053,1053,../../images/data/3/85.jpg,[ 0.0996293  1.6128491 -0.7076358 -0.191768 ],7
1054,1054,../../images/data/2/63.jpg,[ 0.7348969  1.2749819 -0.8455989 -1.5050317],8
1055,1055,../../images/data/2/62.jpg,[ 1.0134071   1.4360033  -0.32364315 -1.021809  ],8
1056,1056,../../images/data/2/75.jpg,[-0.72753704  1.5249487   0.36256605  0.10842054],8
1057,1057,../../images/data/2/66.jpg,[ 1.7816228  1.475495   0.5173678 -1.037407 ],8
1058,1058,../../images/data/2/9.jpg,[ 1.2359363   1.5140647  -0.25176042 -0.73217565],8
1059,1059,../../images/data/2/15.jpg,[ 1.0865108   1.6302928   0.17027979 -1.3239727 ],8
1060,1060,../../images/data/2/39.jpg,[ 1.7765617  1.8489631  1.5094492 -1.7647868],8
1061,1061,../../images/data/2/35.jpg,[ 1.9711287  2.041472   0.3265882 -0.7180591],8
1062,1062,../../images/data/2/22.jpg,[-1.3789048  -0.17679273  2.524128   -0.06514794],8
1063,1063,../../images/data/2/27.jpg,[ 1.2866454   1.0399581   0.34548932 -1.4718014 ],8
1064,1064,../../images/data/2/24.jpg,[ 1.4739381   0.86243093 -0.66923684 -2.3576    ],8
1065,1065,../../images/data/2/19.jpg,[ 1.5483811   1.5045573  -0.84857005 -1.4225155 ],8
1066,1066,../../images/data/2/95.jpg,[ 0.51287854  1.1298007   0.28520113 -1.4228157 ],8
1067,1067,../../images/data/2/57.jpg,[ 6.0165083e-01  1.7178103e+00  1.0307337e-03 -1.8781661e+00],8
1068,1068,../../images/data/2/69.jpg,[ 1.9474      0.76275146 -0.13189216 -1.4838891 ],8
1069,1069,../../images/data/2/68.jpg,[ 0.48019388  2.4218526  -2.2248194  -0.17575453],8
1070,1070,../../images/data/2/78.jpg,[ 0.52158755  1.3307523   0.6852556  -1.4617342 ],8
1071,1071,../../images/data/2/86.jpg,[-1.8444006   0.6083914   1.9138969  -0.87536484],8
1072,1072,../../images/data/2/79.jpg,[ 1.556866   1.0819267  1.0208092 -1.956714 ],8
1073,1073,../../images/data/2/84.jpg,[ 1.5726017   1.6826724   0.22403578 -1.4636453 ],8
1074,1074,../../images/data/2/0.jpg,[ 1.4283904   1.8109468  -0.58209604 -1.6214689 ],8
1075,1075,../../images/data/Canti_Moscato/88.jpg,[-0.6519206   1.98917    -0.62981576  2.5168052 ],9
1076,1076,../../images/data/Canti_Moscato/375.jpg,[-1.7087576 -1.2357594  3.9817743  0.7748384],9
1077,1077,../../images/data/Canti_Moscato/376.jpg,[-1.6846938  2.234622  -0.5403592  2.765877 ],9
1078,1078,../../images/data/Canti_Moscato/198.jpg,[-1.0291287  1.5781296 -0.5330302  2.7343757],9
1079,1079,../../images/data/Canti_Moscato/9.jpg,[-0.9125072  1.8782517 -0.6783013  2.382323 ],9
1080,1080,../../images/data/Canti_Moscato/289.jpg,[-0.753282    1.7041363   0.00950425  2.5681748 ],9
1081,1081,../../images/data/Canti_Moscato/260.jpg,[-0.4334875   1.9514121  -0.71309346  1.9996597 ],9
1082,1082,../../images/data/Canti_Moscato/265.jpg,[-1.3334905  1.9753591 -0.8739554  1.8543264],9
1083,1083,../../images/data/Canti_Moscato/39.jpg,[-0.4009526   1.8564521  -0.25705785  2.5602326 ],9
1084,1084,../../images/data/Canti_Moscato/111.jpg,[-0.69280326  1.906957    0.18703727  2.0256958 ],9
1085,1085,../../images/data/Canti_Moscato/21.jpg,[-1.1640483   2.2244563  -0.6871628  -0.33555657],9
1086,1086,../../images/data/Canti_Moscato/22.jpg,[1.109234   0.4602481  1.1249236  0.33841628],9
1087,1087,../../images/data/Canti_Moscato/33.jpg,[-1.205748    2.1070304  -0.60792536  2.0377402 ],9
1088,1088,../../images/data/Canti_Moscato/32.jpg,[-2.1069856   2.2795393  -0.69690233  1.3640974 ],9
1089,1089,../../images/data/Canti_Moscato/31.jpg,[-1.2754377  1.9230598 -1.1996953  1.9524173],9
1090,1090,../../images/data/Canti_Moscato/396.jpg,[-1.6429038  2.1313543 -1.813679   1.2529076],9
1091,1091,../../images/data/Canti_Moscato/5.jpg,[-1.4405813  1.4128755 -0.8652362  2.372425 ],9
1092,1092,../../images/data/Canti_Moscato/183.jpg,[ 0.03600384  1.1262244   0.8153077  -0.7190004 ],9
1093,1093,../../images/data/Canti_Moscato/223.jpg,[ 0.3911037  -1.0023342  -0.881388    0.57793134],9
1094,1094,../../images/data/Canti_Moscato/186.jpg,[-0.69463116  1.7555801  -0.01772721  1.7999119 ],9
1095,1095,../../images/data/Canti_Moscato/346.jpg,[-0.14567046  1.9307078  -0.52675337  2.070248  ],9
1096,1096,../../images/data/Canti_Moscato/387.jpg,[-0.17729531  1.6564287  -0.64240736  2.5446334 ],9
1097,1097,../../images/data/Canti_Moscato/0.jpg,[-0.8445873  2.5023465 -0.5528514  2.7038717],9
